Outcome,Method,Category,N_Folds,AUROC_mean,AUROC_sd,AUROC_ci_95,Sens_mean,Spec_mean,Bal_Acc_mean,Brier_mean,Brier_sd,Spec_at_Sens80,Spec_at_Sens90,PR_AUC_mean,TPR_gap_mean,TPR_gap_sd,TPR_gap_ci_95,TPR_gap_bin_mean,TPR_gap_signed_mean,EO_gap_mean,DP_gap_mean,AUROC_gap_Q_mean,AUROC_gap_Q_ci_95,Sign_improved,Sign_total,Pct_Reduction,Pct_Red_CI_lo,Pct_Red_CI_hi,Pct_Reduction_Bin,Pct_Red_Bin_CI_lo,Pct_Red_Bin_CI_hi,Sign_Bin_Improved,Is_Harmful,Is_Weak,Usable,Deployable,AUROC_Comparable,Requires_A,Track,Fail_Rate,Harmful_Folds,Harmful_Stable
EUROD,GridSearch_TPR,In-processing,5,0.8155,0.0296,0.0367,0.7465,0.7322,0.7394,0.1418,0.0113,0.6621,0.487,0.6459,0.1346,0.0158,0.0197,0.0855,0.0869,0.1533,0.1841,0.005,0.0042,5,5,19.5,12.3,25.9,19.4,5.6,32.6,4,No,No,Yes,Yes,Yes,No,Q,0/5,0,No
EUROD,AdvDebiasing,In-processing,5,0.7786,0.0032,0.004,0.6571,0.757,0.707,0.1763,0.0018,0.5928,0.3865,0.5968,0.1005,0.0238,0.0296,0.0421,0.1005,0.1066,0.1566,0.0115,0.0077,5,5,39.9,33.6,46.5,60.3,47.8,73.1,5,No,No,Yes,No,Yes,Yes,B,0/5,0,No
EUROD,EqOdds_PP,Post-processing,5,0.8299,0.0019,0.0023,0.6588,0.7753,0.717,0.136,0.0014,0.6903,0.5177,0.6715,0.0475,0.0441,0.0547,0.0372,0.0475,0.0831,0.126,0.0029,0.0012,5,5,71.6,51.6,87.4,64.9,55.4,74.6,5,No,No,Yes,No,No,Yes,B,0/5,0,No
EUROD,SampleReweighting,Pre-processing,5,0.8281,0.0027,0.0034,0.726,0.7686,0.7473,0.1367,0.0015,0.6842,0.5133,0.6675,0.1832,0.033,0.041,0.1172,0.1832,0.195,0.2493,0.0069,0.0061,0,5,-9.6,-15.9,-3.0,-10.5,-16.2,-4.1,1,No,No,Yes,Yes,Yes,No,B,0/5,0,No
EUROD,JTT,In-processing,5,0.6616,0.0135,0.0168,0.4355,0.8032,0.6194,0.1755,0.0013,0.3432,0.2017,0.4937,0.0387,0.0128,0.0159,0.0227,0.0253,0.0387,0.024,0.0194,0.0151,5,5,76.8,71.0,82.4,78.6,64.3,90.4,5,No,No,No,Yes,Yes,No,B,0/5,0,No
EUROD,DIR,Pre-processing,5,0.8292,0.0016,0.002,0.7146,0.7766,0.7456,0.1364,0.0013,0.6877,0.5182,0.6698,0.1599,0.021,0.026,0.0957,0.1599,0.1697,0.2256,0.0055,0.0048,3,5,4.4,-4.1,13.8,9.8,-1.5,20.5,3,No,No,Yes,No,Yes,Yes,B,0/5,0,No
EUROD,ThreshOpt_EO,Post-processing,5,0.8299,0.0019,0.0023,0.4238,0.9308,0.6773,0.136,0.0014,0.6903,0.5177,0.6715,0.0494,0.0152,0.0189,0.04,0.0026,0.0494,0.0514,0.0029,0.0012,5,5,70.5,63.7,76.9,62.3,42.8,83.0,5,No,No,No,No,No,Yes,Q,0/5,0,No
EUROD,CorrelationRemover,Pre-processing,5,0.8295,0.002,0.0025,0.731,0.7658,0.7484,0.1363,0.0012,0.6883,0.5166,0.6694,0.1795,0.0279,0.0347,0.1094,0.1795,0.1919,0.247,0.0053,0.0048,1,5,-7.4,-13.6,0.4,-3.2,-11.0,2.7,2,No,No,Yes,No,Yes,Yes,Q,0/5,0,No
EUROD,ExpGrad_TPR,In-processing,5,0.8194,0.0009,0.0011,0.7263,0.7595,0.7429,0.1391,0.0005,0.6688,0.483,0.6574,0.0187,0.0178,0.0221,0.0144,-0.0114,0.0273,0.0598,0.0038,0.0019,5,5,88.8,81.7,96.7,86.4,76.3,94.0,5,No,No,Yes,Yes,Yes,No,Q,0/5,0,No
EUROD,Reweighing,Pre-processing,5,0.8296,0.0017,0.0021,0.7366,0.7615,0.7491,0.1362,0.0013,0.6888,0.5154,0.6706,0.1192,0.0328,0.0408,0.0622,0.1192,0.1388,0.1923,0.0048,0.0059,5,5,28.7,19.6,37.2,41.4,30.3,55.8,5,No,No,Yes,Yes,Yes,No,B,0/5,0,No
EUROD,FairConstraints,In-processing,5,0.8181,0.0039,0.0049,0.7146,0.7643,0.7395,0.1398,0.0015,0.6658,0.4881,0.654,0.0178,0.0114,0.0141,0.0371,-0.0149,0.0382,0.0334,0.0125,0.0081,5,5,89.3,85.1,94.3,65.0,56.7,72.1,5,No,No,Yes,Yes,Yes,No,Q,0/5,0,No
EUROD,ThreshOpt_TPR,Post-processing,5,0.8299,0.0019,0.0023,0.4728,0.924,0.6984,0.136,0.0014,0.6903,0.5177,0.6715,0.0384,0.0339,0.042,0.0496,0.0111,0.0384,0.0555,0.0029,0.0012,5,5,77.0,62.2,89.3,53.3,31.7,78.0,5,No,No,No,No,No,Yes,Q,0/5,0,No
EUROD,BASELINE,Baseline,5,0.8299,0.0019,0.0023,0.7312,0.766,0.7486,0.136,0.0014,0.6903,0.5177,0.6715,0.1671,0.0233,0.0289,0.106,0.1671,0.1811,0.2413,0.0029,0.0012,0,0,0.0,,,0.0,,,0,No,No,Yes,Yes,Yes,No,both,0/5,0,No
EUROD,GerryFairClassifier,In-processing,5,0.8299,0.0019,0.0023,0.43,0.9419,0.6859,0.136,0.0014,0.6903,0.5177,0.6715,0.2082,0.0278,0.0345,0.1215,0.2082,0.2082,0.154,0.0029,0.0012,0,5,-24.6,-35.2,-16.0,-14.6,-30.7,0.4,2,No,No,No,No,No,Yes,B,0/5,1,No
EUROD,GroupCalibration,Post-processing,5,0.8282,0.0023,0.0029,0.723,0.7731,0.7481,0.1374,0.0017,0.6891,0.5152,0.6696,0.1862,0.0316,0.0393,0.1182,0.1862,0.2003,0.2584,0.0029,0.0012,0,5,-11.4,-17.8,-4.7,-11.5,-24.9,3.6,2,No,No,Yes,No,Yes,Yes,Q,0/5,0,No
EUROD,ExpGrad_EO,In-processing,5,0.8194,0.0011,0.0014,0.7252,0.7588,0.742,0.1391,0.0006,0.6678,0.4849,0.6577,0.0197,0.0128,0.0159,0.0194,-0.0146,0.0261,0.0602,0.0036,0.0014,5,5,88.2,82.7,94.0,81.7,70.1,90.7,5,No,No,Yes,Yes,Yes,No,Q,0/5,0,No
EUROD,ThreshOpt_DP,Post-processing,5,0.8299,0.0019,0.0023,0.4668,0.9218,0.6943,0.136,0.0014,0.6903,0.5177,0.6715,0.0867,0.0547,0.0679,0.0537,-0.0867,0.0867,0.0184,0.0029,0.0012,4,5,48.1,17.0,74.8,49.4,-0.3,80.7,4,No,No,No,No,No,Yes,Q,0/5,0,No
EUROD,GridSearch_EO,In-processing,5,0.749,0.0086,0.0107,0.6684,0.6997,0.684,0.1855,0.0035,0.5273,0.3429,0.5458,0.0617,0.016,0.0199,0.0596,-0.0392,0.1206,0.076,0.0337,0.0492,5,5,63.1,53.9,71.2,43.8,3.4,77.6,4,No,No,Yes,Yes,Yes,No,Q,0/5,0,No
EUROD,GroupDRO,In-processing,5,0.8305,0.002,0.0025,0.7229,0.7782,0.7505,0.1357,0.0015,0.6898,0.5196,0.6732,0.1744,0.0337,0.0418,0.1084,0.1744,0.185,0.2413,0.0032,0.0028,1,5,-4.4,-11.2,2.3,-2.2,-6.8,3.8,2,No,No,Yes,Yes,Yes,No,Q,0/5,0,No
EUROD,FairSMOTE,Augmentation,5,0.8302,0.0022,0.0027,0.734,0.7617,0.7479,0.1358,0.0012,0.6884,0.5158,0.6721,0.1441,0.0303,0.0376,0.08,0.1441,0.1598,0.2185,0.0057,0.0041,5,5,13.8,8.4,18.8,24.5,16.1,34.2,5,No,No,Yes,Yes,Yes,No,B,0/5,0,No
EUROD,ExpGrad_DP,In-processing,5,0.8084,0.001,0.0013,0.7119,0.7532,0.7326,0.1425,0.0003,0.6473,0.4543,0.6428,0.1061,0.0101,0.0125,0.0727,-0.1061,0.1113,0.0413,0.0025,0.002,5,5,36.6,26.1,43.8,31.4,7.7,46.1,4,No,No,Yes,Yes,Yes,No,Q,0/5,0,No
EUROD,PrejudiceRemover,In-processing,5,0.8131,0.0037,0.0046,0.716,0.7566,0.7363,0.1438,0.002,0.6599,0.4809,0.6317,0.1067,0.0394,0.0489,0.0648,0.1067,0.1067,0.0925,0.0687,0.0226,5,5,36.2,16.6,54.9,38.9,8.0,66.6,4,No,No,Yes,No,Yes,Yes,B,0/5,0,No
EUROD,DecoupledClassifier,In-processing,5,0.8207,0.0035,0.0044,0.7207,0.7592,0.7399,0.1399,0.0018,0.6727,0.5061,0.6539,0.1873,0.0239,0.0296,0.1109,0.1873,0.1939,0.2447,0.0091,0.0089,0,5,-12.0,-19.0,-6.2,-4.6,-11.4,0.3,1,No,No,Yes,No,Yes,Yes,Q,0/5,0,No
EUROD,FairGBM,In-processing,5,0.8294,0.0018,0.0022,0.7202,0.7792,0.7497,0.1362,0.0011,0.6894,0.513,0.6704,0.1524,0.0262,0.0326,0.0894,0.1524,0.162,0.2184,0.0052,0.0053,4,5,8.8,3.7,13.7,15.7,7.1,25.3,5,No,No,Yes,Yes,Yes,No,B,0/5,0,No
EUROD,RejectOption,Post-processing,5,0.8299,0.0019,0.0023,0.6488,0.8339,0.7413,0.136,0.0014,0.6903,0.5177,0.6715,0.0691,0.0194,0.0241,0.016,0.0691,0.0739,0.1367,0.0029,0.0012,5,5,58.7,51.4,66.5,84.9,77.8,92.7,5,No,No,Yes,No,No,Yes,B,0/5,0,No
EUROD,LFR,Pre-processing,5,0.5472,0.0599,0.0744,0.3302,0.7426,0.5364,0.3001,0.0417,0.2365,0.122,0.3158,0.1898,0.119,0.1477,0.1206,0.1048,0.2072,0.2006,0.0128,0.0104,2,5,-13.5,-68.3,33.3,-13.7,-85.0,44.0,3,No,Yes,No,No,Yes,Yes,B,0/5,1,No
EUROD,CTGAN,Augmentation,5,0.8297,0.0021,0.0026,0.7135,0.7846,0.7491,0.1361,0.0014,0.689,0.5155,0.6708,0.1694,0.0254,0.0316,0.1072,0.1694,0.1775,0.2379,0.0043,0.0034,2,5,-1.4,-6.7,4.5,-1.1,-3.9,2.1,2,No,No,Yes,Yes,Yes,No,B,0/5,0,No
LS,GridSearch_TPR,In-processing,5,0.7335,0.0235,0.0292,0.67,0.6697,0.6698,0.1817,0.0059,0.5172,0.3388,0.5455,0.0485,0.0367,0.0456,0.0567,0.0485,0.1031,0.1627,0.0488,0.0177,5,5,83.9,75.1,93.0,71.9,50.4,88.9,5,No,No,Yes,Yes,Yes,No,Q,0/5,0,No
LS,AdvDebiasing,In-processing,5,0.7455,0.0032,0.004,0.6471,0.7102,0.6786,0.2068,0.0027,0.5322,0.3528,0.5698,0.1434,0.022,0.0273,0.0637,0.1434,0.1987,0.2559,0.0357,0.0171,5,5,52.4,45.3,57.0,68.4,61.8,73.9,5,No,No,Yes,No,Yes,Yes,B,0/5,0,No
LS,EqOdds_PP,Post-processing,5,0.8049,0.0054,0.0067,0.605,0.7368,0.6709,0.1558,0.0017,0.6402,0.4756,0.6552,0.0668,0.0161,0.02,0.0202,0.0668,0.1599,0.2019,0.0331,0.0182,5,5,77.8,75.3,81.1,90.0,80.0,97.5,5,No,No,Yes,No,No,Yes,B,0/5,0,No
LS,SampleReweighting,Pre-processing,5,0.8023,0.005,0.0063,0.7173,0.7301,0.7237,0.1567,0.0018,0.6363,0.4668,0.6509,0.298,0.0335,0.0416,0.2001,0.298,0.3535,0.4239,0.035,0.0143,2,5,1.0,-5.8,8.0,0.7,-5.7,8.0,2,No,No,Yes,Yes,Yes,No,B,0/5,0,No
LS,JTT,In-processing,5,0.5635,0.0197,0.0244,0.1837,0.9268,0.5552,0.2036,0.0026,0.2481,0.1559,0.4155,0.0414,0.0371,0.0461,0.0233,0.0414,0.0529,0.0367,0.0799,0.0758,5,5,86.3,75.7,94.7,88.5,79.6,95.6,5,No,Yes,No,Yes,Yes,No,B,0/5,0,No
LS,DIR,Pre-processing,5,0.8046,0.0041,0.0051,0.7201,0.7285,0.7243,0.156,0.0013,0.645,0.4711,0.6535,0.2736,0.0205,0.0254,0.1672,0.2736,0.3497,0.4159,0.0336,0.0121,5,5,9.1,4.9,12.4,17.0,12.2,21.7,5,No,No,Yes,No,Yes,Yes,B,0/5,0,No
LS,ThreshOpt_EO,Post-processing,5,0.8049,0.0054,0.0067,0.4065,0.9122,0.6593,0.1558,0.0017,0.6402,0.4756,0.6552,0.042,0.0376,0.0466,0.0436,0.0042,0.0433,0.0824,0.0331,0.0182,5,5,86.1,75.2,95.8,78.3,64.2,89.3,5,No,No,No,No,No,Yes,Q,0/5,0,No
LS,CorrelationRemover,Pre-processing,5,0.804,0.0048,0.006,0.7265,0.7239,0.7252,0.1563,0.0016,0.643,0.4702,0.6528,0.2776,0.0251,0.0311,0.1781,0.2776,0.3469,0.4146,0.0365,0.0119,4,5,7.8,1.6,15.5,11.6,6.3,16.9,5,No,No,Yes,No,Yes,Yes,Q,0/5,0,No
LS,ExpGrad_TPR,In-processing,5,0.7772,0.0038,0.0047,0.6728,0.7411,0.707,0.1651,0.0014,0.5915,0.405,0.6141,0.0187,0.0117,0.0145,0.0211,0.0105,0.0758,0.1488,0.0479,0.0126,5,5,93.8,91.1,96.9,89.5,83.5,94.1,5,No,No,Yes,Yes,Yes,No,Q,0/5,0,No
LS,Reweighing,Pre-processing,5,0.8035,0.0043,0.0053,0.7492,0.6989,0.7241,0.1564,0.0015,0.6424,0.4664,0.6532,0.1835,0.0231,0.0287,0.0962,0.1835,0.2942,0.3522,0.0325,0.0131,5,5,39.1,35.7,42.2,52.2,47.5,58.0,5,No,No,Yes,Yes,Yes,No,B,0/5,0,No
LS,FairConstraints,In-processing,5,0.7551,0.0101,0.0125,0.6677,0.7111,0.6894,0.1718,0.0034,0.5495,0.3543,0.5846,0.0597,0.045,0.0559,0.0851,-0.0597,0.0931,0.0223,0.0306,0.024,5,5,80.2,68.8,91.4,57.8,46.0,68.9,5,No,No,Yes,Yes,Yes,No,Q,0/5,0,No
LS,ThreshOpt_TPR,Post-processing,5,0.8049,0.0054,0.0067,0.4329,0.9099,0.6714,0.1558,0.0017,0.6402,0.4756,0.6552,0.0301,0.0255,0.0316,0.0351,0.001,0.0373,0.0918,0.0331,0.0182,5,5,90.0,82.7,96.4,82.6,73.8,88.4,5,No,No,No,No,No,Yes,Q,0/5,0,No
LS,BASELINE,Baseline,5,0.8049,0.0054,0.0067,0.7323,0.7141,0.7232,0.1558,0.0017,0.6402,0.4756,0.6552,0.3011,0.0267,0.0332,0.2015,0.3011,0.3755,0.4385,0.0331,0.0182,0,0,0.0,,,0.0,,,0,No,No,Yes,Yes,Yes,No,both,0/5,0,No
LS,GerryFairClassifier,In-processing,5,0.8049,0.0054,0.0067,0.4237,0.9196,0.6716,0.1558,0.0017,0.6402,0.4756,0.6552,0.3068,0.0171,0.0212,0.1692,0.3068,0.3068,0.2717,0.0331,0.0182,2,5,-1.9,-8.3,3.9,16.0,6.7,25.1,4,No,No,No,No,No,Yes,B,0/5,0,No
LS,GroupCalibration,Post-processing,5,0.8032,0.0057,0.007,0.7261,0.7235,0.7248,0.1572,0.0017,0.638,0.4667,0.6518,0.3345,0.0324,0.0403,0.2244,0.3345,0.3968,0.4627,0.0331,0.0182,1,5,-11.1,-21.6,-1.2,-11.4,-25.2,1.9,2,No,No,Yes,No,Yes,Yes,Q,0/5,2,No
LS,ExpGrad_EO,In-processing,5,0.775,0.0039,0.0048,0.679,0.7334,0.7062,0.1657,0.0014,0.5896,0.3981,0.6118,0.017,0.0156,0.0193,0.0307,-0.0159,0.053,0.1258,0.0451,0.0135,5,5,94.4,90.1,98.4,84.7,81.0,89.0,5,No,No,Yes,Yes,Yes,No,Q,0/5,0,No
LS,ThreshOpt_DP,Post-processing,5,0.8049,0.0054,0.0067,0.415,0.9081,0.6615,0.1558,0.0017,0.6402,0.4756,0.6552,0.1425,0.0463,0.0575,0.1009,-0.1425,0.1425,0.0176,0.0331,0.0182,5,5,52.7,37.1,65.0,49.9,32.0,62.7,5,No,No,No,No,No,Yes,Q,0/5,0,No
LS,GridSearch_EO,In-processing,5,0.7158,0.0084,0.0105,0.6412,0.6742,0.6577,0.1991,0.0058,0.4828,0.3095,0.5259,0.1351,0.0647,0.0804,0.0849,0.1351,0.1569,0.2191,0.0278,0.0201,5,5,55.1,38.3,68.4,57.9,48.5,67.6,5,No,No,Yes,Yes,Yes,No,Q,0/5,0,No
LS,GroupDRO,In-processing,5,0.805,0.0053,0.0065,0.7053,0.7452,0.7253,0.1558,0.0017,0.6396,0.4722,0.6549,0.3045,0.0205,0.0254,0.1979,0.3045,0.3495,0.4224,0.0346,0.0165,1,5,-1.1,-5.0,2.8,1.8,-3.1,6.4,3,No,No,Yes,Yes,Yes,No,Q,0/5,0,No
LS,FairSMOTE,Augmentation,5,0.8035,0.0041,0.0051,0.7335,0.715,0.7242,0.1563,0.0013,0.6391,0.4684,0.6534,0.2527,0.0282,0.035,0.1605,0.2527,0.3481,0.4077,0.0342,0.0142,5,5,16.1,10.2,21.4,20.4,12.9,25.8,5,No,No,Yes,Yes,Yes,No,B,0/5,0,No
LS,ExpGrad_DP,In-processing,5,0.756,0.0046,0.0057,0.686,0.6975,0.6917,0.1715,0.0014,0.5514,0.3542,0.5879,0.1332,0.0324,0.0403,0.1019,-0.1332,0.1332,0.0196,0.0477,0.0115,5,5,55.8,47.9,67.6,49.4,33.4,63.5,5,No,No,Yes,Yes,Yes,No,Q,0/5,0,No
LS,PrejudiceRemover,In-processing,5,0.7972,0.0039,0.0048,0.7177,0.7229,0.7203,0.1587,0.0011,0.6304,0.4503,0.6415,0.2942,0.0239,0.0296,0.1879,0.2942,0.3431,0.4127,0.0239,0.0168,2,5,2.3,-2.2,8.7,6.8,-1.5,19.2,4,No,No,Yes,No,Yes,Yes,B,0/5,0,No
LS,DecoupledClassifier,In-processing,5,0.7935,0.0051,0.0064,0.7166,0.7169,0.7167,0.1602,0.0015,0.6186,0.4481,0.6381,0.2959,0.0369,0.0459,0.1911,0.2959,0.3545,0.4212,0.0284,0.0148,2,5,1.7,-5.1,8.7,5.2,-5.8,16.8,3,No,No,Yes,No,Yes,Yes,Q,0/5,0,No
LS,FairGBM,In-processing,5,0.804,0.0045,0.0055,0.714,0.7363,0.7251,0.1561,0.0014,0.6418,0.468,0.6536,0.2654,0.0395,0.0491,0.1629,0.2654,0.3314,0.4007,0.0277,0.0177,4,5,11.9,4.9,19.2,19.2,10.7,29.1,5,No,No,Yes,Yes,Yes,No,B,0/5,0,No
LS,RejectOption,Post-processing,5,0.8049,0.0054,0.0067,0.6275,0.8063,0.7169,0.1558,0.0017,0.6402,0.4756,0.6552,0.0732,0.033,0.041,0.0557,0.0732,0.1216,0.2057,0.0331,0.0182,5,5,75.7,69.6,83.4,72.4,59.7,83.3,5,No,No,Yes,No,No,Yes,B,0/5,0,No
LS,LFR,Pre-processing,5,0.5585,0.0413,0.0513,0.3875,0.7065,0.547,0.2396,0.0365,0.2464,0.1192,0.3575,0.102,0.111,0.1378,0.0978,0.0716,0.1138,0.0952,0.0235,0.0213,4,5,66.1,31.5,89.7,51.5,15.6,79.5,4,No,Yes,No,No,Yes,Yes,B,0/5,0,No
LS,CTGAN,Augmentation,5,0.8051,0.0043,0.0054,0.7087,0.7428,0.7258,0.1558,0.0013,0.6445,0.4698,0.6553,0.3064,0.0316,0.0393,0.1968,0.3064,0.3508,0.4261,0.0346,0.0169,2,5,-1.8,-9.0,5.3,2.3,-4.6,10.2,3,No,No,Yes,Yes,Yes,No,B,0/5,0,No
CASP,GridSearch_TPR,In-processing,5,0.8394,0.0273,0.0339,0.7594,0.758,0.7587,0.144,0.0138,0.7097,0.5566,0.6951,0.1055,0.1095,0.136,0.0799,0.1055,0.1445,0.2618,0.0277,0.0191,5,5,62.3,29.4,82.9,60.7,31.0,84.9,5,No,No,Yes,Yes,Yes,No,Q,0/5,0,No
CASP,AdvDebiasing,In-processing,5,0.8463,0.006,0.0075,0.7422,0.7853,0.7637,0.1567,0.0041,0.7222,0.5445,0.7259,0.1099,0.0592,0.0735,0.0492,0.1099,0.1618,0.279,0.0224,0.0092,5,5,60.8,45.3,75.8,75.7,59.2,93.6,5,No,No,Yes,No,Yes,Yes,B,0/5,0,No
CASP,EqOdds_PP,Post-processing,5,0.883,0.0029,0.0037,0.6505,0.8101,0.7303,0.1202,0.0015,0.7916,0.6472,0.7813,0.06,0.0312,0.0387,0.0212,0.06,0.1191,0.2202,0.0168,0.013,5,5,78.6,72.0,86.6,89.6,82.5,95.8,5,No,No,Yes,No,No,Yes,B,0/5,0,No
CASP,SampleReweighting,Pre-processing,5,0.8805,0.0035,0.0043,0.7856,0.8008,0.7932,0.1214,0.0019,0.7878,0.6466,0.7773,0.28,0.0293,0.0364,0.202,0.28,0.3038,0.4285,0.0183,0.0154,1,5,0.1,-5.4,8.2,0.5,-4.8,8.1,1,No,No,Yes,Yes,Yes,No,B,0/5,0,No
CASP,JTT,In-processing,5,0.8386,0.0067,0.0083,0.7385,0.761,0.7497,0.1529,0.0016,0.695,0.5239,0.7232,0.1488,0.043,0.0534,0.1046,0.1488,0.1686,0.2834,0.0103,0.0115,5,5,46.9,37.3,56.6,48.5,37.8,60.6,5,No,No,Yes,Yes,Yes,No,B,0/5,0,No
CASP,DIR,Pre-processing,5,0.8828,0.0029,0.0036,0.8042,0.7886,0.7964,0.1203,0.0016,0.7935,0.6491,0.7813,0.2463,0.0102,0.0127,0.1691,0.2463,0.283,0.4144,0.0135,0.0147,5,5,12.1,6.5,16.4,16.7,12.2,20.8,5,No,No,Yes,No,Yes,Yes,B,0/5,0,No
CASP,ThreshOpt_EO,Post-processing,5,0.883,0.0029,0.0037,0.5644,0.9166,0.7405,0.1202,0.0015,0.7916,0.6472,0.7813,0.0341,0.0226,0.0281,0.0146,0.0165,0.0369,0.135,0.0168,0.013,5,5,87.8,81.7,94.4,92.8,87.3,98.7,5,No,No,Yes,No,No,Yes,Q,0/5,0,No
CASP,CorrelationRemover,Pre-processing,5,0.8828,0.0026,0.0032,0.7827,0.8073,0.795,0.1205,0.0014,0.7916,0.6523,0.78,0.2436,0.0296,0.0368,0.1763,0.2436,0.2619,0.3878,0.0153,0.0162,5,5,13.1,8.3,17.4,13.2,9.8,16.7,5,No,No,Yes,No,Yes,Yes,Q,0/5,0,No
CASP,ExpGrad_TPR,In-processing,5,0.8629,0.0045,0.0056,0.7708,0.7873,0.7791,0.1296,0.0014,0.7582,0.598,0.7477,0.0209,0.0097,0.0121,0.0213,0.0096,0.0543,0.1908,0.0243,0.0092,5,5,92.5,89.7,95.4,89.5,84.2,94.6,5,No,No,Yes,Yes,Yes,No,Q,0/5,0,No
CASP,Reweighing,Pre-processing,5,0.8821,0.0032,0.004,0.8078,0.7823,0.795,0.1208,0.0018,0.7909,0.65,0.7795,0.1769,0.0317,0.0394,0.1061,0.1769,0.2346,0.3651,0.0147,0.0123,5,5,36.9,31.9,42.8,47.7,41.1,55.5,5,No,No,Yes,Yes,Yes,No,B,0/5,0,No
CASP,FairConstraints,In-processing,5,0.8247,0.0087,0.0108,0.7348,0.758,0.7464,0.1454,0.0046,0.6843,0.5028,0.6809,0.0693,0.0463,0.0575,0.0703,-0.0693,0.1534,0.0138,0.0411,0.042,5,5,75.3,60.3,88.7,65.4,48.9,77.7,5,No,No,Yes,Yes,Yes,No,Q,0/5,0,No
CASP,ThreshOpt_TPR,Post-processing,5,0.883,0.0029,0.0037,0.5914,0.9143,0.7529,0.1202,0.0015,0.7916,0.6472,0.7813,0.0372,0.0175,0.0217,0.0122,0.0149,0.0372,0.1454,0.0168,0.013,5,5,86.7,80.8,91.8,94.0,90.1,97.5,5,No,No,Yes,No,No,Yes,Q,0/5,0,No
CASP,BASELINE,Baseline,5,0.883,0.0029,0.0037,0.7965,0.7942,0.7954,0.1202,0.0015,0.7916,0.6472,0.7813,0.2802,0.0276,0.0343,0.203,0.2802,0.3007,0.4303,0.0168,0.013,0,0,0.0,,,0.0,,,0,No,No,Yes,Yes,Yes,No,both,0/5,0,No
CASP,GerryFairClassifier,In-processing,5,0.883,0.0029,0.0037,0.5605,0.9353,0.7479,0.1202,0.0015,0.7916,0.6472,0.7813,0.2736,0.03,0.0372,0.1746,0.2736,0.2736,0.289,0.0168,0.013,3,5,2.3,-10.7,13.3,14.0,0.5,24.3,4,No,No,Yes,No,No,Yes,B,0/5,1,No
CASP,GroupCalibration,Post-processing,5,0.8813,0.0027,0.0034,0.7878,0.8033,0.7956,0.1221,0.0016,0.792,0.6473,0.7791,0.3034,0.016,0.0199,0.2259,0.3034,0.3145,0.4374,0.0168,0.013,2,5,-8.3,-20.7,0.4,-11.3,-23.6,-2.9,0,No,No,Yes,No,Yes,Yes,Q,0/5,1,No
CASP,ExpGrad_EO,In-processing,5,0.8626,0.0042,0.0053,0.7664,0.789,0.7777,0.1297,0.0013,0.7567,0.5952,0.748,0.0231,0.0116,0.0144,0.0199,0.0062,0.0411,0.1797,0.0213,0.0099,5,5,91.8,88.2,94.9,90.2,85.1,95.0,5,No,No,Yes,Yes,Yes,No,Q,0/5,0,No
CASP,ThreshOpt_DP,Post-processing,5,0.883,0.0029,0.0037,0.5641,0.9078,0.736,0.1202,0.0015,0.7916,0.6472,0.7813,0.2326,0.0337,0.0419,0.1568,-0.2326,0.2326,0.0196,0.0168,0.013,5,5,17.0,10.5,23.8,22.8,14.8,29.6,5,No,No,Yes,No,No,Yes,Q,0/5,0,No
CASP,GridSearch_EO,In-processing,5,0.799,0.0068,0.0085,0.7152,0.7322,0.7237,0.1766,0.0096,0.6325,0.4462,0.6478,0.1408,0.1014,0.126,0.0935,0.1408,0.1513,0.2529,0.0284,0.0396,5,5,49.8,23.8,76.0,54.0,29.9,75.6,5,No,No,Yes,Yes,Yes,No,Q,0/5,0,No
CASP,GroupDRO,In-processing,5,0.883,0.0029,0.0036,0.8003,0.7932,0.7967,0.1202,0.0015,0.7939,0.6485,0.7815,0.2731,0.0365,0.0453,0.1974,0.2731,0.3036,0.4323,0.0168,0.0146,3,5,2.5,-0.5,6.4,2.8,-0.9,7.5,3,No,No,Yes,Yes,Yes,No,Q,0/5,0,No
CASP,FairSMOTE,Augmentation,5,0.8818,0.0029,0.0035,0.7989,0.7923,0.7956,0.1207,0.0015,0.7899,0.6445,0.7797,0.2474,0.0292,0.0363,0.176,0.2474,0.2842,0.4144,0.0189,0.0179,5,5,11.7,4.6,19.1,13.3,5.4,21.3,5,No,No,Yes,Yes,Yes,No,B,0/5,0,No
CASP,ExpGrad_DP,In-processing,5,0.8276,0.0061,0.0076,0.728,0.7675,0.7477,0.1444,0.0018,0.6881,0.5082,0.692,0.1754,0.0184,0.0228,0.1229,-0.1754,0.1754,0.0176,0.0237,0.0096,5,5,37.4,31.1,43.3,39.5,30.2,48.4,5,No,No,Yes,Yes,Yes,No,Q,0/5,0,No
CASP,PrejudiceRemover,In-processing,5,0.8787,0.0034,0.0043,0.7786,0.8075,0.793,0.1223,0.0017,0.7868,0.6396,0.774,0.2531,0.0321,0.0399,0.1809,0.2531,0.2706,0.3911,0.007,0.0071,4,5,9.7,4.3,14.4,10.9,6.6,15.2,5,No,No,Yes,No,Yes,Yes,B,0/5,0,No
CASP,DecoupledClassifier,In-processing,5,0.8773,0.0031,0.0038,0.7882,0.7943,0.7912,0.123,0.0014,0.7844,0.6392,0.7729,0.2624,0.0166,0.0206,0.1913,0.2624,0.2717,0.4022,0.0095,0.0126,3,5,6.4,0.2,11.6,5.8,0.5,10.2,4,No,No,Yes,No,Yes,Yes,Q,0/5,0,No
CASP,FairGBM,In-processing,5,0.8824,0.0036,0.0045,0.7963,0.7974,0.7968,0.1207,0.002,0.7935,0.6515,0.7792,0.2445,0.0425,0.0528,0.1683,0.2445,0.2848,0.4088,0.0128,0.0123,4,5,12.7,4.0,22.0,17.1,8.6,26.8,5,No,No,Yes,Yes,Yes,No,B,0/5,0,No
CASP,RejectOption,Post-processing,5,0.883,0.0029,0.0037,0.6976,0.8655,0.7815,0.1202,0.0015,0.7916,0.6472,0.7813,0.0279,0.0193,0.024,0.0726,0.0279,0.0639,0.211,0.0168,0.013,5,5,90.0,85.5,95.1,64.3,53.7,73.1,5,No,No,Yes,No,No,Yes,B,0/5,0,No
CASP,LFR,Pre-processing,5,0.6102,0.0752,0.0934,0.5806,0.5799,0.5802,0.2301,0.0136,0.327,0.1834,0.4013,0.0998,0.0936,0.1162,0.0623,0.0998,0.1521,0.1555,0.0435,0.0247,5,5,64.4,35.8,88.1,69.3,38.3,96.5,5,No,No,Yes,No,Yes,Yes,B,0/5,0,No
CASP,CTGAN,Augmentation,5,0.8829,0.003,0.0037,0.7897,0.8008,0.7952,0.1204,0.0016,0.792,0.6511,0.781,0.2874,0.0211,0.0261,0.2099,0.2874,0.3027,0.4282,0.0179,0.0134,2,5,-2.6,-11.4,5.7,-3.4,-13.0,4.9,3,No,No,Yes,Yes,Yes,No,B,0/5,0,No
SRH,GridSearch_TPR,In-processing,5,0.873,0.0214,0.0266,0.7973,0.7873,0.7923,0.1394,0.0141,0.788,0.6419,0.7977,0.0974,0.095,0.1179,0.0866,0.0582,0.1128,0.2134,0.0316,0.0237,4,5,46.3,10.4,82.3,32.1,-0.4,63.2,4,No,No,Yes,Yes,Yes,No,Q,0/5,0,No
SRH,AdvDebiasing,In-processing,5,0.8565,0.0033,0.0041,0.7788,0.7761,0.7775,0.168,0.0026,0.7527,0.5947,0.7781,0.0714,0.021,0.0261,0.0347,0.0714,0.1316,0.2311,0.0316,0.0155,5,5,60.6,57.1,67.6,72.8,67.3,80.8,5,No,No,Yes,No,Yes,Yes,B,0/5,0,No
SRH,EqOdds_PP,Post-processing,5,0.893,0.0058,0.0073,0.7075,0.8223,0.7649,0.1258,0.0033,0.8201,0.6905,0.8313,0.0416,0.0297,0.0368,0.0325,0.032,0.0749,0.1761,0.0277,0.0199,5,5,77.0,68.1,88.2,74.6,51.2,88.6,5,No,No,Yes,No,No,Yes,B,0/5,0,No
SRH,SampleReweighting,Pre-processing,5,0.8917,0.0059,0.0074,0.8222,0.7995,0.8108,0.1264,0.0033,0.8212,0.6881,0.8287,0.1613,0.0247,0.0306,0.1189,0.1613,0.2114,0.3259,0.0284,0.023,5,5,11.0,6.4,15.9,6.8,-0.9,14.7,3,No,No,Yes,Yes,Yes,No,B,0/5,0,No
SRH,JTT,In-processing,5,0.8536,0.0026,0.0032,0.7815,0.7445,0.763,0.164,0.0012,0.7274,0.5847,0.7808,0.1177,0.0268,0.0333,0.0873,0.1177,0.1889,0.2735,0.035,0.021,5,5,35.0,23.7,45.9,31.6,15.6,46.7,5,No,No,Yes,Yes,Yes,No,B,0/5,0,No
SRH,DIR,Pre-processing,5,0.8926,0.0058,0.0072,0.8094,0.8077,0.8086,0.1261,0.0031,0.8181,0.6876,0.8305,0.1402,0.0424,0.0527,0.0854,0.1402,0.1975,0.3078,0.0271,0.023,5,5,22.6,11.8,33.9,33.1,20.9,46.2,5,No,No,Yes,No,Yes,Yes,B,0/5,0,No
SRH,ThreshOpt_EO,Post-processing,5,0.893,0.0058,0.0073,0.7193,0.8568,0.788,0.1258,0.0033,0.8201,0.6905,0.8313,0.0353,0.0103,0.0128,0.0322,-0.009,0.0353,0.132,0.0277,0.0199,5,5,80.5,74.0,86.0,74.7,63.9,81.0,5,No,No,Yes,No,No,Yes,Q,0/5,0,No
SRH,CorrelationRemover,Pre-processing,5,0.8935,0.0055,0.0069,0.8091,0.811,0.8101,0.1254,0.0031,0.8204,0.6913,0.8314,0.135,0.0239,0.0296,0.0917,0.135,0.1719,0.2933,0.0274,0.0196,5,5,25.5,19.3,32.2,28.2,20.9,35.8,5,No,No,Yes,No,Yes,Yes,Q,0/5,0,No
SRH,ExpGrad_TPR,In-processing,5,0.8852,0.006,0.0074,0.7937,0.813,0.8034,0.1297,0.0031,0.8079,0.6661,0.8209,0.0243,0.0287,0.0357,0.0217,0.0232,0.0699,0.1873,0.0285,0.0198,5,5,86.6,74.9,97.3,83.0,72.3,92.9,5,No,No,Yes,Yes,Yes,No,Q,0/5,0,No
SRH,Reweighing,Pre-processing,5,0.8924,0.0054,0.0068,0.8238,0.7968,0.8103,0.126,0.0029,0.819,0.6858,0.8307,0.1035,0.0293,0.0363,0.0598,0.1035,0.1723,0.2837,0.0261,0.0201,5,5,42.9,36.7,50.2,53.1,46.1,61.3,5,No,No,Yes,Yes,Yes,No,B,0/5,0,No
SRH,FairConstraints,In-processing,5,0.8649,0.0073,0.0091,0.7961,0.7735,0.7848,0.1404,0.004,0.7697,0.618,0.7919,0.0704,0.0324,0.0402,0.058,-0.0704,0.1,0.0541,0.027,0.0158,5,5,61.2,42.1,77.1,54.6,30.5,76.3,5,No,No,Yes,Yes,Yes,No,Q,0/5,0,No
SRH,ThreshOpt_TPR,Post-processing,5,0.893,0.0058,0.0073,0.7062,0.8783,0.7923,0.1258,0.0033,0.8201,0.6905,0.8313,0.0311,0.0193,0.0239,0.0232,-0.002,0.0382,0.1523,0.0277,0.0199,5,5,82.8,74.5,91.0,81.8,73.8,89.1,5,No,No,Yes,No,No,Yes,Q,0/5,0,No
SRH,BASELINE,Baseline,5,0.893,0.0058,0.0073,0.8003,0.8207,0.8105,0.1258,0.0033,0.8201,0.6905,0.8313,0.1812,0.0244,0.0303,0.1276,0.1812,0.2035,0.3269,0.0277,0.0199,0,0,0.0,,,0.0,,,0,No,No,Yes,Yes,Yes,No,both,0/5,0,No
SRH,GerryFairClassifier,In-processing,5,0.893,0.0058,0.0073,0.6936,0.8879,0.7908,0.1258,0.0033,0.8201,0.6905,0.8313,0.1888,0.034,0.0422,0.1199,0.1888,0.1888,0.2791,0.0277,0.0199,3,5,-4.2,-15.4,6.8,6.1,-7.8,17.8,3,No,No,Yes,No,No,Yes,B,0/5,0,No
SRH,GroupCalibration,Post-processing,5,0.8924,0.0063,0.0079,0.7952,0.8256,0.8104,0.1274,0.0032,0.8203,0.6892,0.8292,0.1733,0.0277,0.0343,0.1202,0.1733,0.1965,0.3193,0.0277,0.0199,5,5,4.4,1.6,7.4,5.8,3.0,9.0,5,No,No,Yes,No,Yes,Yes,Q,0/5,0,No
SRH,ExpGrad_EO,In-processing,5,0.8799,0.0048,0.0059,0.7841,0.8121,0.7981,0.1324,0.0025,0.7984,0.6546,0.8149,0.0254,0.0181,0.0224,0.0215,-0.0069,0.0336,0.1482,0.026,0.0144,5,5,86.0,78.0,94.1,83.2,73.5,91.9,5,No,No,Yes,Yes,Yes,No,Q,0/5,0,No
SRH,ThreshOpt_DP,Post-processing,5,0.893,0.0058,0.0073,0.6841,0.878,0.7811,0.1258,0.0033,0.8201,0.6905,0.8313,0.2182,0.0223,0.0277,0.1455,-0.2182,0.2182,0.0099,0.0277,0.0199,2,5,-20.4,-45.3,-0.2,-14.0,-38.3,5.4,2,No,No,Yes,No,No,Yes,Q,0/5,2,No
SRH,GridSearch_EO,In-processing,5,0.8171,0.0052,0.0065,0.7571,0.7295,0.7433,0.1866,0.0041,0.6774,0.5087,0.7134,0.0477,0.01,0.0124,0.0384,0.0292,0.1061,0.1807,0.0309,0.0312,5,5,73.7,66.7,79.7,69.9,55.2,84.8,5,No,No,Yes,Yes,Yes,No,Q,0/5,0,No
SRH,GroupDRO,In-processing,5,0.8928,0.0059,0.0073,0.8061,0.8106,0.8083,0.1258,0.0033,0.8199,0.6886,0.831,0.178,0.0331,0.0411,0.1251,0.178,0.2216,0.3331,0.0269,0.0197,3,5,1.8,-3.5,7.3,2.0,-3.4,8.1,3,No,No,Yes,Yes,Yes,No,Q,0/5,0,No
SRH,FairSMOTE,Augmentation,5,0.8927,0.0055,0.0068,0.8117,0.8065,0.8091,0.1261,0.0032,0.818,0.6907,0.8302,0.1613,0.027,0.0335,0.1175,0.1613,0.2003,0.3184,0.0279,0.0226,5,5,11.0,7.7,14.3,7.9,5.3,10.7,5,No,No,Yes,Yes,Yes,No,B,0/5,0,No
SRH,ExpGrad_DP,In-processing,5,0.8625,0.0048,0.0059,0.7776,0.7856,0.7816,0.142,0.0021,0.7629,0.6102,0.788,0.1392,0.0163,0.0203,0.0932,-0.1392,0.1394,0.0212,0.0265,0.0096,5,5,23.2,9.6,34.9,27.0,8.8,42.0,4,No,No,Yes,Yes,Yes,No,Q,0/5,0,No
SRH,PrejudiceRemover,In-processing,5,0.8903,0.0054,0.0068,0.8039,0.8114,0.8077,0.1273,0.003,0.8156,0.6824,0.8263,0.148,0.039,0.0484,0.0955,0.148,0.1886,0.2984,0.0256,0.0133,4,5,18.3,4.6,27.7,25.2,9.6,36.4,4,No,No,Yes,No,Yes,Yes,B,0/5,0,No
SRH,DecoupledClassifier,In-processing,5,0.888,0.0059,0.0073,0.813,0.8001,0.8066,0.1285,0.0034,0.8145,0.6773,0.8221,0.1326,0.0301,0.0374,0.0851,0.1326,0.1844,0.2981,0.0267,0.0215,5,5,26.9,19.5,33.6,33.3,25.2,41.4,5,No,No,Yes,No,Yes,Yes,Q,0/5,0,No
SRH,FairGBM,In-processing,5,0.8907,0.0054,0.0067,0.8141,0.8058,0.81,0.1271,0.0031,0.8191,0.6837,0.8246,0.1499,0.0383,0.0475,0.0952,0.1499,0.1887,0.3073,0.0228,0.0167,5,5,17.3,7.8,25.8,25.4,13.6,35.5,5,No,No,Yes,Yes,Yes,No,B,0/5,0,No
SRH,RejectOption,Post-processing,5,0.893,0.0058,0.0073,0.7988,0.8131,0.806,0.1258,0.0033,0.8201,0.6905,0.8313,0.0173,0.0064,0.0079,0.0614,-0.0037,0.0498,0.1689,0.0277,0.0199,5,5,90.5,86.5,92.9,51.9,34.4,66.0,5,No,No,Yes,No,No,Yes,B,0/5,0,No
SRH,LFR,Pre-processing,5,0.6146,0.0706,0.0877,0.5129,0.6559,0.5844,0.2436,0.0165,0.322,0.1774,0.4857,0.1101,0.0602,0.0747,0.0706,0.007,0.1387,0.1145,0.0147,0.0126,4,5,39.3,8.4,65.3,44.7,6.9,76.2,4,No,No,Yes,No,Yes,Yes,B,0/5,0,No
SRH,CTGAN,Augmentation,5,0.8926,0.0058,0.0072,0.81,0.8085,0.8092,0.126,0.0032,0.8194,0.6897,0.8303,0.1718,0.0382,0.0474,0.1232,0.1718,0.2138,0.3288,0.0275,0.021,3,5,5.2,-1.1,13.2,3.5,-2.7,10.4,3,No,No,Yes,Yes,Yes,No,B,0/5,0,No
