Fold,Outcome,Method,AUROC,Sensitivity,Specificity,TPR_gap,TPR_gap_bin,TPR_gap_signed,Brier,AUROC_gap_Q,Spec_at_Sens80,Spec_at_Sens90,PR_AUC
0,EUROD,BASELINE,0.8304,0.7314,0.7707,0.1725,0.1066,0.1725,0.1366,0.0028,0.6897,0.5411,0.6675
0,EUROD,Reweighing,0.8297,0.7428,0.7583,0.1314,0.0719,0.1314,0.1367,0.0018,0.6908,0.5239,0.6659
0,EUROD,DIR,0.8291,0.6719,0.8073,0.167,0.0791,0.167,0.1374,0.0039,0.6864,0.5357,0.6633
0,EUROD,LFR,0.5123,0.1025,0.9244,0.0822,0.0386,0.0822,0.3289,0.0003,0.1867,0.0887,0.2843
0,EUROD,CorrelationRemover,0.8306,0.7296,0.7686,0.1799,0.1014,0.1799,0.1367,0.0019,0.69,0.539,0.6664
0,EUROD,PrejudiceRemover,0.8093,0.7546,0.7111,0.1591,0.1246,0.1591,0.1467,0.0942,0.6534,0.4892,0.6129
0,EUROD,ExpGrad_DP,0.8096,0.7395,0.7251,0.0979,0.076,-0.0979,0.1424,0.0004,0.6452,0.461,0.6403
0,EUROD,ExpGrad_EO,0.8209,0.6888,0.7934,0.0025,0.0121,-0.0025,0.139,0.004,0.6741,0.4979,0.6552
0,EUROD,ExpGrad_TPR,0.8208,0.7032,0.7838,0.0069,0.0044,0.0069,0.139,0.0045,0.6745,0.4984,0.655
0,EUROD,GridSearch_TPR,0.8308,0.7748,0.7292,0.1302,0.0912,0.1302,0.1367,0.0059,0.7001,0.5308,0.6661
0,EUROD,GridSearch_EO,0.7466,0.7179,0.6518,0.0562,0.0233,0.0562,0.1902,0.0023,0.5345,0.3494,0.5244
0,EUROD,AdvDebiasing,0.7767,0.6514,0.7591,0.1244,0.0371,0.1244,0.1766,0.0114,0.6034,0.3827,0.5869
0,EUROD,FairGBM,0.8313,0.7428,0.76,0.1439,0.0749,0.1439,0.1363,0.003,0.6984,0.5279,0.668
0,EUROD,FairConstraints,0.821,0.6866,0.7907,0.0072,0.0267,0.0072,0.1391,0.0091,0.6745,0.5088,0.6559
0,EUROD,DecoupledClassifier,0.8229,0.7494,0.7326,0.1885,0.1096,0.1885,0.1404,0.0038,0.6862,0.5094,0.6486
0,EUROD,GerryFairClassifier,0.8304,0.4243,0.9408,0.2452,0.1352,0.2452,0.1366,0.0028,0.6897,0.5411,0.6675
0,EUROD,ThreshOpt_TPR,0.8304,0.4853,0.9188,0.0269,0.0366,0.0269,0.1366,0.0028,0.6897,0.5411,0.6675
0,EUROD,ThreshOpt_EO,0.8304,0.3237,0.9585,0.0641,0.0117,0.0641,0.1366,0.0028,0.6897,0.5411,0.6675
0,EUROD,ThreshOpt_DP,0.8304,0.4747,0.9211,0.0229,0.0371,-0.0229,0.1366,0.0028,0.6897,0.5411,0.6675
0,EUROD,EqOdds_PP,0.8304,0.6418,0.7902,0.0518,0.022,0.0518,0.1366,0.0028,0.6897,0.5411,0.6675
0,EUROD,RejectOption,0.8304,0.6363,0.8363,0.0841,0.0074,0.0841,0.1366,0.0028,0.6897,0.5411,0.6675
0,EUROD,CTGAN,0.8306,0.7208,0.7806,0.1773,0.1031,0.1773,0.1366,0.0043,0.6929,0.5261,0.6669
0,EUROD,FairSMOTE,0.8322,0.7109,0.79,0.1436,0.0706,0.1436,0.1359,0.0076,0.694,0.5337,0.6696
0,EUROD,SampleReweighting,0.8292,0.7208,0.7674,0.195,0.1271,0.195,0.137,0.0055,0.6978,0.5261,0.6655
0,EUROD,GroupCalibration,0.8288,0.7131,0.7825,0.1776,0.0911,0.1776,0.1383,0.0028,0.6881,0.5315,0.6653
0,EUROD,JTT,0.6493,0.3821,0.839,0.0304,0.0161,0.0304,0.1767,0.0249,0.3155,0.1867,0.4832
0,EUROD,GroupDRO,0.8314,0.7054,0.794,0.1847,0.1121,0.1847,0.1361,0.0029,0.6944,0.545,0.6701
0,LS,BASELINE,0.8107,0.682,0.776,0.3182,0.2059,0.3182,0.1539,0.0435,0.6538,0.4923,0.6625
0,LS,Reweighing,0.8086,0.7362,0.7237,0.1926,0.107,0.1926,0.1547,0.0352,0.6487,0.4733,0.6611
0,LS,DIR,0.8083,0.6787,0.77,0.2876,0.1677,0.2876,0.1548,0.0387,0.6503,0.4926,0.6601
0,LS,LFR,0.6067,0.3768,0.766,0.1284,0.0963,0.1284,0.2589,0.0084,0.316,0.1631,0.3949
0,LS,CorrelationRemover,0.8098,0.7404,0.7286,0.2497,0.162,0.2497,0.1543,0.0445,0.6575,0.4767,0.6611
0,LS,PrejudiceRemover,0.8006,0.6929,0.7571,0.2711,0.1429,0.2711,0.1577,0.0325,0.636,0.4527,0.6457
0,LS,ExpGrad_DP,0.7571,0.6774,0.7134,0.1526,0.1418,-0.1526,0.1708,0.0563,0.5495,0.3557,0.5939
0,LS,ExpGrad_EO,0.7782,0.7188,0.7044,0.0345,0.0448,-0.0345,0.1643,0.0591,0.5957,0.3973,0.6199
0,LS,ExpGrad_TPR,0.7789,0.6613,0.761,0.003,0.0218,0.003,0.1641,0.058,0.5902,0.4022,0.6208
0,LS,GridSearch_TPR,0.7406,0.702,0.647,0.0063,0.0072,0.0063,0.1825,0.0625,0.5358,0.3497,0.5551
0,LS,GridSearch_EO,0.704,0.6067,0.6942,0.2416,0.1239,0.2416,0.1896,0.0406,0.4678,0.2848,0.5108
0,LS,AdvDebiasing,0.7457,0.6028,0.7497,0.1342,0.0566,0.1342,0.2069,0.0591,0.5343,0.359,0.5677
0,LS,FairGBM,0.8074,0.6842,0.7731,0.2657,0.1581,0.2657,0.1549,0.0252,0.6509,0.4843,0.6575
0,LS,FairConstraints,0.7612,0.6703,0.7337,0.0873,0.1216,-0.0873,0.1694,0.0235,0.5617,0.3528,0.5989
0,LS,DecoupledClassifier,0.7965,0.6842,0.7599,0.2883,0.1707,0.2883,0.1592,0.039,0.6269,0.4496,0.6437
0,LS,GerryFairClassifier,0.8107,0.4181,0.9209,0.2924,0.14,0.2924,0.1539,0.0435,0.6538,0.4923,0.6625
0,LS,ThreshOpt_TPR,0.8107,0.4378,0.9106,0.0132,0.0326,0.0132,0.1539,0.0435,0.6538,0.4923,0.6625
0,LS,ThreshOpt_EO,0.8107,0.4127,0.9156,0.014,0.0328,0.014,0.1539,0.0435,0.6538,0.4923,0.6625
0,LS,ThreshOpt_DP,0.8107,0.4417,0.9037,0.1004,0.0942,-0.1004,0.1539,0.0435,0.6538,0.4923,0.6625
0,LS,EqOdds_PP,0.8107,0.5292,0.8038,0.0734,0.0329,0.0734,0.1539,0.0435,0.6538,0.4923,0.6625
0,LS,RejectOption,0.8107,0.6348,0.8027,0.0863,0.0486,0.0863,0.1539,0.0435,0.6538,0.4923,0.6625
0,LS,CTGAN,0.8093,0.6968,0.7624,0.2898,0.1724,0.2898,0.1545,0.04,0.6564,0.4776,0.6614
0,LS,FairSMOTE,0.807,0.6933,0.7605,0.255,0.159,0.255,0.155,0.044,0.6381,0.4716,0.6603
0,LS,SampleReweighting,0.8087,0.7394,0.7214,0.2784,0.1829,0.2784,0.1545,0.0447,0.6496,0.4776,0.662
0,LS,GroupCalibration,0.8102,0.7301,0.7324,0.2959,0.1817,0.2959,0.1552,0.0435,0.6536,0.4836,0.6628
0,LS,JTT,0.5525,0.1337,0.9423,0.0249,0.0185,0.0249,0.206,0.1509,0.2529,0.1624,0.386
0,LS,GroupDRO,0.8105,0.6816,0.7785,0.2981,0.1867,0.2981,0.1539,0.0437,0.6468,0.4929,0.6632
0,CASP,BASELINE,0.88,0.8156,0.7692,0.2343,0.1632,0.2343,0.1218,0.0335,0.7836,0.639,0.7754
0,CASP,Reweighing,0.8787,0.8365,0.7416,0.1211,0.0611,0.1211,0.1227,0.0317,0.7843,0.6484,0.7725
0,CASP,DIR,0.88,0.7846,0.8026,0.2319,0.1495,0.2319,0.122,0.0325,0.7877,0.6436,0.7745
0,CASP,LFR,0.5315,0.3719,0.6885,0.0404,0.0222,0.0404,0.2395,0.0323,0.1981,0.0845,0.3397
0,CASP,CorrelationRemover,0.8799,0.7807,0.8064,0.2129,0.145,0.2129,0.1218,0.0362,0.7847,0.6371,0.7745
0,CASP,PrejudiceRemover,0.8761,0.7959,0.7899,0.2136,0.1517,0.2136,0.1235,0.0155,0.7857,0.629,0.768
0,CASP,ExpGrad_DP,0.8238,0.7258,0.7676,0.1725,0.1256,-0.1725,0.1461,0.023,0.6807,0.4982,0.6866
0,CASP,ExpGrad_EO,0.8584,0.7873,0.7681,0.0327,0.0289,-0.0327,0.1309,0.0306,0.753,0.576,0.7423
0,CASP,ExpGrad_TPR,0.8595,0.7836,0.7764,0.0285,0.0295,-0.0285,0.1305,0.0322,0.7566,0.5796,0.7432
0,CASP,GridSearch_TPR,0.8228,0.7846,0.7073,0.0449,0.0588,0.0449,0.1517,0.0442,0.6855,0.5177,0.6606
0,CASP,GridSearch_EO,0.8051,0.7375,0.7178,0.1269,0.0827,0.1269,0.1815,0.0107,0.6484,0.4757,0.64
0,CASP,AdvDebiasing,0.848,0.779,0.752,0.0811,0.0107,0.0811,0.1578,0.0326,0.7297,0.5556,0.7254
0,CASP,FairGBM,0.8778,0.8119,0.7738,0.1912,0.1207,0.1912,0.1232,0.0275,0.7851,0.6469,0.7701
0,CASP,FairConstraints,0.8314,0.7265,0.7851,0.1196,0.1144,-0.1196,0.1413,0.0005,0.6976,0.5014,0.7046
0,CASP,DecoupledClassifier,0.8741,0.774,0.8008,0.2441,0.1725,0.2441,0.1247,0.0265,0.7805,0.6329,0.7678
0,CASP,GerryFairClassifier,0.88,0.549,0.9346,0.2911,0.1891,0.2911,0.1218,0.0335,0.7836,0.639,0.7754
0,CASP,ThreshOpt_TPR,0.88,0.6181,0.901,0.0587,0.0189,0.0587,0.1218,0.0335,0.7836,0.639,0.7754
0,CASP,ThreshOpt_EO,0.88,0.5773,0.9121,0.0415,0.0024,0.0415,0.1218,0.0335,0.7836,0.639,0.7754
0,CASP,ThreshOpt_DP,0.88,0.5999,0.9009,0.1778,0.1515,-0.1778,0.1218,0.0335,0.7836,0.639,0.7754
0,CASP,EqOdds_PP,0.88,0.6793,0.7879,0.0264,0.0312,0.0264,0.1218,0.0335,0.7836,0.639,0.7754
0,CASP,RejectOption,0.88,0.6873,0.8714,0.0096,0.0885,0.0096,0.1218,0.0335,0.7836,0.639,0.7754
0,CASP,CTGAN,0.8798,0.7657,0.818,0.2763,0.198,0.2763,0.122,0.0343,0.7842,0.6363,0.7748
0,CASP,FairSMOTE,0.8788,0.7836,0.7974,0.2198,0.1449,0.2198,0.1224,0.0406,0.7782,0.633,0.7737
0,CASP,SampleReweighting,0.8777,0.769,0.8157,0.2452,0.1669,0.2452,0.123,0.0373,0.7816,0.6356,0.7713
0,CASP,GroupCalibration,0.8786,0.776,0.8086,0.3133,0.2235,0.3133,0.1239,0.0335,0.7846,0.642,0.774
0,CASP,JTT,0.8387,0.7056,0.8014,0.103,0.054,0.103,0.1532,0.0036,0.6957,0.5147,0.7272
0,CASP,GroupDRO,0.8806,0.8255,0.7554,0.2108,0.143,0.2108,0.1218,0.037,0.7857,0.651,0.7755
0,SRH,BASELINE,0.8988,0.8364,0.8001,0.2021,0.1473,0.2021,0.1224,0.0075,0.8319,0.71,0.8401
0,SRH,Reweighing,0.8977,0.8486,0.786,0.1207,0.074,0.1207,0.1231,0.0041,0.8304,0.7045,0.8374
0,SRH,DIR,0.8991,0.8041,0.823,0.1934,0.1297,0.1934,0.1225,0.0026,0.8275,0.715,0.8396
0,SRH,LFR,0.6163,0.5597,0.6085,0.0905,0.0698,-0.0905,0.2588,0.0085,0.3207,0.162,0.4852
0,SRH,CorrelationRemover,0.8997,0.8254,0.8064,0.1595,0.1154,0.1595,0.1218,0.0052,0.8318,0.7189,0.8408
0,SRH,PrejudiceRemover,0.8958,0.7953,0.8237,0.2138,0.1512,0.2138,0.124,0.0097,0.8222,0.7025,0.8332
0,SRH,ExpGrad_DP,0.8684,0.7604,0.8089,0.1174,0.0705,-0.1174,0.1401,0.0155,0.7731,0.6352,0.7902
0,SRH,ExpGrad_EO,0.8855,0.7769,0.8313,0.0462,0.0429,0.0462,0.1299,0.0094,0.8134,0.6766,0.8216
0,SRH,ExpGrad_TPR,0.8927,0.803,0.8171,0.0703,0.0534,0.0703,0.126,0.0023,0.8204,0.6931,0.8301
0,SRH,GridSearch_TPR,0.8983,0.799,0.8304,0.2339,0.1773,0.2339,0.1227,0.0019,0.829,0.7127,0.8383
0,SRH,GridSearch_EO,0.8157,0.7444,0.7427,0.0381,0.0833,0.0381,0.1893,0.0273,0.6826,0.5299,0.7041
0,SRH,AdvDebiasing,0.8521,0.7577,0.7922,0.0879,0.0428,0.0879,0.1703,0.0141,0.7456,0.5772,0.7753
0,SRH,FairGBM,0.897,0.8385,0.7955,0.1998,0.14,0.1998,0.1232,0.0064,0.8286,0.7046,0.8338
0,SRH,FairConstraints,0.8651,0.783,0.7835,0.0274,0.0155,-0.0274,0.1421,0.0462,0.7673,0.628,0.7827
0,SRH,DecoupledClassifier,0.8933,0.8332,0.7963,0.1738,0.1194,0.1738,0.1253,0.0023,0.8252,0.6931,0.8285
0,SRH,GerryFairClassifier,0.8988,0.6948,0.8921,0.2397,0.1574,0.2397,0.1224,0.0075,0.8319,0.71,0.8401
0,SRH,ThreshOpt_TPR,0.8988,0.7138,0.8797,0.025,0.0167,0.025,0.1224,0.0075,0.8319,0.71,0.8401
0,SRH,ThreshOpt_EO,0.8988,0.6804,0.8896,0.0262,0.0246,0.0262,0.1224,0.0075,0.8319,0.71,0.8401
0,SRH,ThreshOpt_DP,0.8988,0.6882,0.8809,0.197,0.1386,-0.197,0.1224,0.0075,0.8319,0.71,0.8401
0,SRH,EqOdds_PP,0.8988,0.7543,0.7961,0.0598,0.0267,0.0598,0.1224,0.0075,0.8319,0.71,0.8401
0,SRH,RejectOption,0.8988,0.8001,0.8218,0.0185,0.0445,0.0185,0.1224,0.0075,0.8319,0.71,0.8401
0,SRH,CTGAN,0.8986,0.8206,0.8104,0.2111,0.1559,0.2111,0.1225,0.0062,0.8302,0.7119,0.8398
0,SRH,FairSMOTE,0.8981,0.8254,0.8035,0.1806,0.1372,0.1806,0.1227,0.0019,0.8325,0.7093,0.8387
0,SRH,SampleReweighting,0.898,0.8539,0.7803,0.1873,0.1504,0.1873,0.1227,0.0027,0.8324,0.7113,0.8377
0,SRH,GroupCalibration,0.8986,0.822,0.8123,0.1984,0.1453,0.1984,0.1241,0.0075,0.8321,0.7083,0.8393
0,SRH,JTT,0.8558,0.7108,0.8149,0.1631,0.1127,0.1631,0.1641,0.0071,0.726,0.5801,0.7923
0,SRH,GroupDRO,0.8987,0.8233,0.8069,0.2079,0.1541,0.2079,0.1224,0.0047,0.8316,0.7095,0.8391
1,EUROD,BASELINE,0.8295,0.7655,0.7371,0.1291,0.0759,0.1291,0.1357,0.0042,0.6933,0.5031,0.6741
1,EUROD,Reweighing,0.8281,0.7347,0.7635,0.0784,0.0309,0.0784,0.1363,0.0035,0.6908,0.5062,0.671
1,EUROD,DIR,0.8282,0.6865,0.8069,0.1448,0.0761,0.1448,0.1361,0.0028,0.6836,0.5095,0.6731
1,EUROD,LFR,0.5211,0.1158,0.9258,0.0855,0.0489,0.0855,0.3286,0.0181,0.202,0.0913,0.2945
1,EUROD,CorrelationRemover,0.8297,0.7413,0.7611,0.1494,0.0775,0.1494,0.1357,0.0049,0.6848,0.5136,0.6735
1,EUROD,PrejudiceRemover,0.8158,0.7016,0.7765,0.0946,0.047,0.0946,0.1423,0.0481,0.6604,0.4778,0.6403
1,EUROD,ExpGrad_DP,0.8086,0.7424,0.7341,0.1082,0.0872,-0.1082,0.1422,0.004,0.6465,0.4425,0.6454
1,EUROD,ExpGrad_EO,0.8198,0.767,0.7211,0.0187,0.0303,-0.0187,0.1385,0.0038,0.6722,0.4816,0.662
1,EUROD,ExpGrad_TPR,0.8195,0.7159,0.7746,0.0001,0.0107,-0.0001,0.1386,0.004,0.6719,0.4742,0.6615
1,EUROD,GridSearch_TPR,0.8292,0.7604,0.7446,0.1208,0.0725,0.1208,0.1358,0.0005,0.6875,0.5041,0.6743
1,EUROD,GridSearch_EO,0.7524,0.6465,0.7303,0.07,0.1181,-0.07,0.184,0.0129,0.5381,0.347,0.551
1,EUROD,AdvDebiasing,0.7776,0.667,0.7391,0.0605,0.0079,0.0605,0.1774,0.0125,0.5893,0.3941,0.5938
1,EUROD,FairGBM,0.8279,0.6994,0.7957,0.1215,0.0637,0.1215,0.1362,0.0044,0.69,0.5087,0.6708
1,EUROD,FairConstraints,0.8152,0.6935,0.7838,0.0063,0.029,-0.0063,0.1404,0.0095,0.6629,0.4742,0.652
1,EUROD,DecoupledClassifier,0.8234,0.7453,0.7376,0.163,0.0906,0.163,0.1384,0.0149,0.6793,0.5233,0.6599
1,EUROD,GerryFairClassifier,0.8295,0.4219,0.9449,0.1681,0.0692,0.1681,0.1357,0.0042,0.6933,0.5031,0.6741
1,EUROD,ThreshOpt_TPR,0.8295,0.4594,0.9258,0.0279,0.0468,-0.0279,0.1357,0.0042,0.6933,0.5031,0.6741
1,EUROD,ThreshOpt_EO,0.8295,0.4462,0.9157,0.0474,0.0542,-0.0474,0.1357,0.0042,0.6933,0.5031,0.6741
1,EUROD,ThreshOpt_DP,0.8295,0.4473,0.9217,0.1314,0.1055,-0.1314,0.1357,0.0042,0.6933,0.5031,0.6741
1,EUROD,EqOdds_PP,0.8295,0.7008,0.7422,0.0261,0.0258,0.0261,0.1357,0.0042,0.6933,0.5031,0.6741
1,EUROD,RejectOption,0.8295,0.6531,0.8362,0.0615,0.0106,0.0615,0.1357,0.0042,0.6933,0.5031,0.6741
1,EUROD,CTGAN,0.8286,0.7005,0.7996,0.1398,0.0789,0.1398,0.136,0.0003,0.6861,0.5036,0.6709
1,EUROD,FairSMOTE,0.8294,0.7777,0.7123,0.1007,0.0487,0.1007,0.1358,0.0028,0.6878,0.5073,0.6715
1,EUROD,SampleReweighting,0.8269,0.7181,0.783,0.1427,0.086,0.1427,0.1366,0.0071,0.6803,0.5049,0.6684
1,EUROD,GroupCalibration,0.8291,0.7619,0.7395,0.1424,0.0936,0.1424,0.1371,0.0042,0.6945,0.5104,0.6722
1,EUROD,JTT,0.649,0.4135,0.8251,0.0414,0.0017,0.0414,0.1746,0.0323,0.2973,0.1669,0.5024
1,EUROD,GroupDRO,0.8304,0.7442,0.7614,0.1328,0.0755,0.1328,0.1354,0.0019,0.6886,0.5086,0.6744
1,LS,BASELINE,0.7978,0.7201,0.7237,0.3387,0.2257,0.3387,0.1581,0.011,0.6275,0.4553,0.6492
1,LS,Reweighing,0.7992,0.7331,0.7095,0.2095,0.1099,0.2095,0.1583,0.0173,0.6423,0.4597,0.6469
1,LS,DIR,0.7991,0.7308,0.7085,0.2973,0.1858,0.2973,0.1579,0.0174,0.6365,0.4551,0.6488
1,LS,LFR,0.5279,0.5045,0.5352,0.0415,0.0392,-0.0415,0.2176,0.0235,0.2255,0.1134,0.3221
1,LS,CorrelationRemover,0.7976,0.7163,0.7218,0.3107,0.1898,0.3107,0.1583,0.0223,0.6319,0.452,0.6466
1,LS,PrejudiceRemover,0.7923,0.7376,0.6859,0.3333,0.2251,0.3333,0.16,0.0015,0.6145,0.4369,0.6398
1,LS,ExpGrad_DP,0.7616,0.6911,0.7052,0.0757,0.0754,-0.0757,0.17,0.0321,0.5611,0.3608,0.5961
1,LS,ExpGrad_EO,0.776,0.6546,0.7635,0.0038,0.042,-0.0038,0.1653,0.0286,0.5914,0.4035,0.6153
1,LS,ExpGrad_TPR,0.7807,0.6646,0.7568,0.0357,0.0068,0.0357,0.1638,0.0311,0.5999,0.41,0.6218
1,LS,GridSearch_TPR,0.7631,0.6385,0.7426,0.0925,0.0242,0.0925,0.1726,0.029,0.5744,0.3964,0.59
1,LS,GridSearch_EO,0.7174,0.6827,0.6314,0.1397,0.072,0.1397,0.2028,0.0005,0.4829,0.3057,0.5261
1,LS,AdvDebiasing,0.7421,0.6837,0.6693,0.1445,0.0548,0.1445,0.2082,0.0363,0.5247,0.3402,0.5689
1,LS,FairGBM,0.7986,0.7205,0.7247,0.3073,0.1894,0.3073,0.1575,0.0088,0.6289,0.442,0.6533
1,LS,FairConstraints,0.7399,0.6698,0.6853,0.0068,0.0557,-0.0068,0.1771,0.0626,0.524,0.3314,0.5588
1,LS,DecoupledClassifier,0.7863,0.7134,0.7073,0.3442,0.2309,0.3442,0.1626,0.0201,0.6016,0.4314,0.6316
1,LS,GerryFairClassifier,0.7978,0.409,0.9251,0.3276,0.1739,0.3276,0.1581,0.011,0.6275,0.4553,0.6492
1,LS,ThreshOpt_TPR,0.7978,0.4358,0.9023,0.0052,0.0305,-0.0052,0.1581,0.011,0.6275,0.4553,0.6492
1,LS,ThreshOpt_EO,0.7978,0.4048,0.9077,0.0033,0.0196,0.0033,0.1581,0.011,0.6275,0.4553,0.6492
1,LS,ThreshOpt_DP,0.7978,0.4364,0.8943,0.1216,0.0926,-0.1216,0.1581,0.011,0.6275,0.4553,0.6492
1,LS,EqOdds_PP,0.7978,0.5823,0.7579,0.0845,0.0034,0.0845,0.1581,0.011,0.6275,0.4553,0.6492
1,LS,RejectOption,0.7978,0.6165,0.8042,0.1128,0.0315,0.1128,0.1581,0.011,0.6275,0.4553,0.6492
1,LS,CTGAN,0.7996,0.6934,0.7501,0.344,0.2206,0.344,0.1575,0.0139,0.634,0.4601,0.6513
1,LS,FairSMOTE,0.7989,0.7634,0.6822,0.2898,0.1846,0.2898,0.1579,0.0169,0.6365,0.46,0.6484
1,LS,SampleReweighting,0.795,0.7021,0.7325,0.3429,0.2334,0.3429,0.1591,0.0164,0.6259,0.4574,0.6446
1,LS,GroupCalibration,0.7962,0.7372,0.7047,0.3749,0.2641,0.3749,0.1594,0.011,0.629,0.4495,0.6473
1,LS,JTT,0.5624,0.134,0.9578,0.0376,0.0085,0.0376,0.2033,0.0989,0.2527,0.1626,0.4074
1,LS,GroupDRO,0.7979,0.693,0.7531,0.3406,0.2229,0.3406,0.1582,0.0142,0.6252,0.4452,0.647
1,CASP,BASELINE,0.8845,0.8072,0.7905,0.2859,0.2025,0.2859,0.1199,0.0153,0.7966,0.6608,0.7826
1,CASP,Reweighing,0.8842,0.7986,0.8014,0.1859,0.1107,0.1859,0.1201,0.0119,0.7977,0.6544,0.7818
1,CASP,DIR,0.8845,0.8109,0.786,0.2399,0.1607,0.2399,0.1199,0.0101,0.8038,0.6511,0.7833
1,CASP,LFR,0.6809,0.6786,0.5796,0.2391,0.1754,0.2391,0.2417,0.0559,0.4323,0.2686,0.4659
1,CASP,CorrelationRemover,0.8846,0.7787,0.8161,0.2306,0.1637,0.2306,0.1201,0.0114,0.7945,0.6668,0.7819
1,CASP,PrejudiceRemover,0.8826,0.7614,0.8333,0.2515,0.1737,0.2515,0.1206,0.0063,0.799,0.6588,0.7813
1,CASP,ExpGrad_DP,0.8356,0.7255,0.7768,0.1832,0.1393,-0.1832,0.1425,0.0159,0.7059,0.5369,0.6985
1,CASP,ExpGrad_EO,0.8678,0.7441,0.8134,0.0167,0.0196,0.0167,0.1281,0.016,0.7663,0.6087,0.7546
1,CASP,ExpGrad_TPR,0.8695,0.7451,0.82,0.0288,0.0273,0.0288,0.1274,0.0203,0.7695,0.6274,0.7568
1,CASP,GridSearch_TPR,0.8501,0.7345,0.7989,0.0832,0.0054,0.0832,0.1405,0.0254,0.7276,0.58,0.7227
1,CASP,GridSearch_EO,0.8052,0.7488,0.7036,0.1144,0.0544,0.1144,0.1823,0.0146,0.6484,0.4554,0.6542
1,CASP,AdvDebiasing,0.8444,0.7408,0.785,0.0959,0.0388,0.0959,0.1586,0.0261,0.7216,0.5421,0.7197
1,CASP,FairGBM,0.8853,0.7999,0.8004,0.2439,0.1647,0.2439,0.1195,0.0143,0.8003,0.659,0.7837
1,CASP,FairConstraints,0.8188,0.6906,0.785,0.0246,0.0375,-0.0246,0.1489,0.078,0.6796,0.4965,0.6629
1,CASP,DecoupledClassifier,0.8807,0.79,0.8011,0.2462,0.1797,0.2462,0.1214,0.0102,0.7918,0.6454,0.7786
1,CASP,GerryFairClassifier,0.8845,0.5527,0.938,0.262,0.1612,0.262,0.1199,0.0153,0.7966,0.6608,0.7826
1,CASP,ThreshOpt_TPR,0.8845,0.5597,0.9201,0.0216,0.0116,0.0216,0.1199,0.0153,0.7966,0.6608,0.7826
1,CASP,ThreshOpt_EO,0.8845,0.5098,0.9387,0.0065,0.0012,0.0065,0.1199,0.0153,0.7966,0.6608,0.7826
1,CASP,ThreshOpt_DP,0.8845,0.5364,0.9137,0.2565,0.1624,-0.2565,0.1199,0.0153,0.7966,0.6608,0.7826
1,CASP,EqOdds_PP,0.8845,0.6444,0.815,0.0325,0.0372,0.0325,0.1199,0.0153,0.7966,0.6608,0.7826
1,CASP,RejectOption,0.8845,0.6913,0.8702,0.0072,0.0959,0.0072,0.1199,0.0153,0.7966,0.6608,0.7826
1,CASP,CTGAN,0.8852,0.7783,0.8145,0.3151,0.2289,0.3151,0.1196,0.0176,0.7951,0.6656,0.7839
1,CASP,FairSMOTE,0.883,0.7863,0.8082,0.239,0.1592,0.239,0.12,0.0164,0.7932,0.6514,0.7823
1,CASP,SampleReweighting,0.8824,0.773,0.8199,0.2882,0.2032,0.2882,0.1209,0.0166,0.7973,0.6581,0.7796
1,CASP,GroupCalibration,0.8822,0.8019,0.7951,0.325,0.2359,0.325,0.122,0.0153,0.7974,0.6545,0.7789
1,CASP,JTT,0.8371,0.6943,0.8012,0.1203,0.0815,0.1203,0.154,0.0242,0.6948,0.5331,0.7192
1,CASP,GroupDRO,0.8843,0.7999,0.7993,0.2912,0.2074,0.2912,0.1199,0.0145,0.7993,0.6574,0.7826
1,SRH,BASELINE,0.8933,0.786,0.834,0.1491,0.098,0.1491,0.1255,0.046,0.8185,0.695,0.8325
1,SRH,Reweighing,0.8924,0.8412,0.7809,0.0669,0.031,0.0669,0.1261,0.0422,0.8166,0.6838,0.8311
1,SRH,DIR,0.892,0.8359,0.7789,0.09,0.047,0.09,0.1264,0.0468,0.8196,0.6821,0.8287
1,SRH,LFR,0.5674,0.457,0.6462,0.1363,0.0867,-0.1363,0.2639,0.0109,0.252,0.1314,0.4378
1,SRH,CorrelationRemover,0.8928,0.8076,0.8073,0.1034,0.0631,0.1034,0.126,0.0447,0.8182,0.6868,0.8296
1,SRH,PrejudiceRemover,0.8886,0.8183,0.8038,0.1127,0.0621,0.1127,0.128,0.0309,0.8181,0.6723,0.8244
1,SRH,ExpGrad_DP,0.8611,0.7916,0.7714,0.1344,0.1066,-0.1344,0.1422,0.0287,0.7615,0.6108,0.7858
1,SRH,ExpGrad_EO,0.879,0.8058,0.7921,0.0254,0.0302,-0.0254,0.1326,0.0338,0.7987,0.6571,0.815
1,SRH,ExpGrad_TPR,0.8829,0.8063,0.8012,0.001,0.0185,-0.001,0.1305,0.0388,0.8076,0.6615,0.8191
1,SRH,GridSearch_TPR,0.8582,0.7573,0.8017,0.0397,0.071,-0.0397,0.1495,0.0494,0.7647,0.6092,0.7743
1,SRH,GridSearch_EO,0.8181,0.8058,0.6803,0.057,0.0231,0.057,0.1873,0.0671,0.6865,0.5391,0.6991
1,SRH,AdvDebiasing,0.8602,0.7679,0.7941,0.036,0.0119,0.036,0.1655,0.0442,0.7559,0.6055,0.7794
1,SRH,FairGBM,0.8906,0.8236,0.794,0.1117,0.0683,0.1117,0.1272,0.0386,0.8198,0.6809,0.8249
1,SRH,FairConstraints,0.8671,0.7871,0.7882,0.0916,0.0852,-0.0916,0.1384,0.028,0.7756,0.6249,0.7985
1,SRH,DecoupledClassifier,0.8889,0.7988,0.8122,0.0992,0.0595,0.0992,0.1283,0.0479,0.8119,0.6794,0.8229
1,SRH,GerryFairClassifier,0.8933,0.6952,0.8888,0.183,0.1168,0.183,0.1255,0.046,0.8185,0.695,0.8325
1,SRH,ThreshOpt_TPR,0.8933,0.7106,0.8766,0.0297,0.0274,-0.0297,0.1255,0.046,0.8185,0.695,0.8325
1,SRH,ThreshOpt_EO,0.8933,0.7389,0.8498,0.041,0.0479,-0.041,0.1255,0.046,0.8185,0.695,0.8325
1,SRH,ThreshOpt_DP,0.8933,0.6723,0.8877,0.2434,0.1631,-0.2434,0.1255,0.046,0.8185,0.695,0.8325
1,SRH,EqOdds_PP,0.8933,0.6643,0.8411,0.0239,0.0746,-0.0239,0.1255,0.046,0.8185,0.695,0.8325
1,SRH,RejectOption,0.8933,0.8002,0.8137,0.0271,0.0811,-0.0271,0.1255,0.046,0.8185,0.695,0.8325
1,SRH,CTGAN,0.8928,0.8385,0.7761,0.1196,0.0834,0.1196,0.1259,0.044,0.8226,0.6887,0.8306
1,SRH,FairSMOTE,0.893,0.8114,0.8102,0.1245,0.0896,0.1245,0.1259,0.0449,0.8199,0.6906,0.8296
1,SRH,SampleReweighting,0.891,0.8191,0.8005,0.1297,0.0875,0.1297,0.127,0.0469,0.821,0.6837,0.8277
1,SRH,GroupCalibration,0.8929,0.7788,0.8393,0.1431,0.0896,0.1431,0.1273,0.046,0.8195,0.6943,0.831
1,SRH,JTT,0.8525,0.8012,0.729,0.1093,0.089,0.1093,0.164,0.0344,0.7299,0.5904,0.7775
1,SRH,GroupDRO,0.8937,0.8092,0.8081,0.1421,0.0916,0.1421,0.1253,0.0411,0.8182,0.6841,0.8327
2,EUROD,BASELINE,0.8303,0.6988,0.7939,0.1714,0.1055,0.1714,0.1358,0.0033,0.6883,0.5186,0.6744
2,EUROD,Reweighing,0.8302,0.7531,0.7427,0.112,0.0572,0.112,0.1359,0.0003,0.6905,0.5134,0.6728
2,EUROD,DIR,0.8297,0.7542,0.7408,0.1742,0.1148,0.1742,0.1362,0.0029,0.6906,0.5227,0.6718
2,EUROD,LFR,0.5351,0.5775,0.4627,0.2126,0.1589,-0.2126,0.2369,0.0213,0.2326,0.1141,0.2963
2,EUROD,CorrelationRemover,0.8311,0.7182,0.7776,0.1915,0.1257,0.1915,0.1361,0.0019,0.6929,0.5261,0.6706
2,EUROD,PrejudiceRemover,0.8089,0.6694,0.791,0.1344,0.082,0.1344,0.1448,0.0798,0.6531,0.4669,0.6268
2,EUROD,ExpGrad_DP,0.8068,0.6503,0.7987,0.0941,0.0616,-0.0941,0.1426,0.0043,0.6447,0.4568,0.6436
2,EUROD,ExpGrad_EO,0.819,0.7237,0.7569,0.0127,0.0055,0.0127,0.1389,0.0053,0.6674,0.4818,0.6599
2,EUROD,ExpGrad_TPR,0.819,0.7234,0.7577,0.0114,0.0051,0.0114,0.139,0.0058,0.669,0.4814,0.6597
2,EUROD,GridSearch_TPR,0.8281,0.759,0.7389,0.1517,0.1064,0.1517,0.1365,0.0031,0.6804,0.5038,0.6701
2,EUROD,GridSearch_EO,0.735,0.6326,0.7055,0.0362,0.0234,-0.0362,0.1881,0.0857,0.4761,0.3111,0.5466
2,EUROD,AdvDebiasing,0.7817,0.6345,0.7886,0.1033,0.0605,0.1033,0.1732,0.0074,0.5976,0.3831,0.6041
2,EUROD,FairGBM,0.8311,0.7234,0.7777,0.1542,0.0924,0.1542,0.1358,0.0005,0.6916,0.5156,0.6752
2,EUROD,FairConstraints,0.8134,0.7417,0.725,0.0173,0.0464,-0.0173,0.141,0.0202,0.6553,0.4634,0.6505
2,EUROD,DecoupledClassifier,0.8214,0.7237,0.7625,0.1813,0.1013,0.1813,0.1398,0.0077,0.6652,0.5071,0.6555
2,EUROD,GerryFairClassifier,0.8303,0.4405,0.9396,0.2151,0.1267,0.2151,0.1358,0.0033,0.6883,0.5186,0.6744
2,EUROD,ThreshOpt_TPR,0.8303,0.4471,0.9324,0.0315,0.0457,-0.0315,0.1358,0.0033,0.6883,0.5186,0.6744
2,EUROD,ThreshOpt_EO,0.8303,0.4298,0.9315,0.0343,0.0379,-0.0343,0.1358,0.0033,0.6883,0.5186,0.6744
2,EUROD,ThreshOpt_DP,0.8303,0.4857,0.9145,0.1292,0.0873,-0.1292,0.1358,0.0033,0.6883,0.5186,0.6744
2,EUROD,EqOdds_PP,0.8303,0.6076,0.8112,0.0089,0.0388,0.0089,0.1358,0.0033,0.6883,0.5186,0.6744
2,EUROD,RejectOption,0.8303,0.6481,0.8315,0.0468,0.0248,0.0468,0.1358,0.0033,0.6883,0.5186,0.6744
2,EUROD,CTGAN,0.8301,0.7057,0.7881,0.1539,0.1025,0.1539,0.1359,0.0061,0.6914,0.5136,0.6734
2,EUROD,FairSMOTE,0.8315,0.7256,0.7712,0.1421,0.0837,0.1421,0.1354,0.0033,0.6908,0.5148,0.6752
2,EUROD,SampleReweighting,0.8279,0.7303,0.7653,0.1741,0.1147,0.1741,0.137,0.0033,0.6845,0.5056,0.6661
2,EUROD,GroupCalibration,0.83,0.7028,0.7889,0.1785,0.1047,0.1785,0.1372,0.0033,0.6897,0.5147,0.6732
2,EUROD,JTT,0.6807,0.532,0.7157,0.0285,0.0298,0.0285,0.1757,0.0144,0.4033,0.2495,0.4905
2,EUROD,GroupDRO,0.8306,0.7377,0.7665,0.1728,0.1093,0.1728,0.1357,0.003,0.688,0.5188,0.6756
2,LS,BASELINE,0.8095,0.7104,0.742,0.2759,0.1649,0.2759,0.1547,0.037,0.6477,0.4879,0.6592
2,LS,Reweighing,0.8058,0.7501,0.6982,0.1642,0.0643,0.1642,0.1559,0.0337,0.6397,0.4783,0.6555
2,LS,DIR,0.8084,0.7265,0.7246,0.2537,0.1483,0.2537,0.1555,0.0374,0.6535,0.4885,0.6526
2,LS,LFR,0.5738,0.3946,0.7293,0.0343,0.0944,-0.0343,0.2158,0.0522,0.2426,0.1119,0.3811
2,LS,CorrelationRemover,0.8068,0.7343,0.7159,0.256,0.1514,0.256,0.156,0.0385,0.6422,0.4877,0.6536
2,LS,PrejudiceRemover,0.801,0.721,0.7229,0.2808,0.1742,0.2808,0.1582,0.025,0.6422,0.4791,0.6446
2,LS,ExpGrad_DP,0.7544,0.6832,0.6935,0.1428,0.1144,-0.1428,0.1722,0.0475,0.5457,0.3615,0.5863
2,LS,ExpGrad_EO,0.7743,0.7081,0.6967,0.0113,0.01,-0.0113,0.1662,0.0447,0.5856,0.4152,0.6103
2,LS,ExpGrad_TPR,0.7756,0.6952,0.708,0.0181,0.0161,0.0181,0.1659,0.0478,0.5887,0.4169,0.6109
2,LS,GridSearch_TPR,0.6992,0.6225,0.6695,0.0319,0.1257,0.0319,0.1888,0.0617,0.4439,0.2734,0.5087
2,LS,GridSearch_EO,0.7117,0.6455,0.6564,0.0685,0.041,0.0685,0.2038,0.0298,0.4788,0.3154,0.5194
2,LS,AdvDebiasing,0.7426,0.6225,0.7326,0.129,0.0527,0.129,0.2094,0.0298,0.5274,0.3544,0.5663
2,LS,FairGBM,0.8083,0.6803,0.7741,0.2566,0.1481,0.2566,0.1549,0.0343,0.6488,0.4863,0.6573
2,LS,FairConstraints,0.7654,0.6293,0.7563,0.0524,0.0739,-0.0524,0.1692,0.0109,0.5629,0.3951,0.5959
2,LS,DecoupledClassifier,0.7997,0.7129,0.7345,0.2942,0.1912,0.2942,0.1587,0.0184,0.635,0.4795,0.6414
2,LS,GerryFairClassifier,0.8095,0.433,0.9154,0.288,0.1657,0.288,0.1547,0.037,0.6477,0.4879,0.6592
2,LS,ThreshOpt_TPR,0.8095,0.4172,0.9167,0.0677,0.0598,-0.0677,0.1547,0.037,0.6477,0.4879,0.6592
2,LS,ThreshOpt_EO,0.8095,0.3981,0.9171,0.0944,0.0845,-0.0944,0.1547,0.037,0.6477,0.4879,0.6592
2,LS,ThreshOpt_DP,0.8095,0.4081,0.9088,0.2176,0.149,-0.2176,0.1547,0.037,0.6477,0.4879,0.6592
2,LS,EqOdds_PP,0.8095,0.5715,0.768,0.0435,0.0495,0.0435,0.1547,0.037,0.6477,0.4879,0.6592
2,LS,RejectOption,0.8095,0.6287,0.8057,0.0614,0.0659,0.0614,0.1547,0.037,0.6477,0.4879,0.6592
2,LS,CTGAN,0.8087,0.7233,0.726,0.2614,0.1534,0.2614,0.1553,0.0418,0.6477,0.4907,0.6558
2,LS,FairSMOTE,0.8075,0.6858,0.7675,0.2675,0.1573,0.2675,0.1555,0.0285,0.6483,0.4921,0.6548
2,LS,SampleReweighting,0.804,0.7,0.744,0.2555,0.1502,0.2555,0.1567,0.0399,0.6411,0.4769,0.6494
2,LS,GroupCalibration,0.8074,0.7201,0.7362,0.3437,0.2198,0.3437,0.1561,0.037,0.649,0.4819,0.6573
2,LS,JTT,0.5394,0.1443,0.9434,0.0412,0.0017,0.0412,0.2064,0.1168,0.2217,0.147,0.3883
2,LS,GroupDRO,0.809,0.7023,0.7541,0.2911,0.179,0.2911,0.1548,0.0343,0.6509,0.4863,0.6593
2,CASP,BASELINE,0.8851,0.8072,0.7839,0.3025,0.2153,0.3025,0.1196,0.0048,0.7913,0.6603,0.7842
2,CASP,Reweighing,0.8851,0.7932,0.8015,0.1894,0.0988,0.1894,0.1193,0.006,0.7921,0.663,0.7843
2,CASP,DIR,0.8857,0.8235,0.7743,0.2498,0.164,0.2498,0.1191,0.0005,0.7969,0.6603,0.7861
2,CASP,LFR,0.545,0.4451,0.623,0.0539,0.0058,0.0539,0.2077,0.0444,0.2245,0.1051,0.3457
2,CASP,CorrelationRemover,0.8849,0.7719,0.815,0.2887,0.1967,0.2887,0.1199,0.004,0.795,0.6576,0.7828
2,CASP,PrejudiceRemover,0.881,0.7686,0.8162,0.3032,0.2034,0.3032,0.1223,0.001,0.7849,0.6474,0.7739
2,CASP,ExpGrad_DP,0.8328,0.762,0.7424,0.1582,0.1309,-0.1582,0.1427,0.0209,0.702,0.5176,0.6928
2,CASP,ExpGrad_EO,0.8663,0.7822,0.7809,0.0373,0.0135,0.0373,0.1285,0.0156,0.7635,0.6175,0.7493
2,CASP,ExpGrad_TPR,0.8651,0.7789,0.7814,0.0238,0.0028,0.0238,0.1292,0.0208,0.7646,0.6123,0.7453
2,CASP,GridSearch_TPR,0.8827,0.7796,0.8104,0.2991,0.2053,0.2991,0.1212,0.0073,0.7871,0.657,0.7773
2,CASP,GridSearch_EO,0.7895,0.7144,0.7234,0.2996,0.1984,0.2996,0.1605,0.0848,0.6367,0.4433,0.6209
2,CASP,AdvDebiasing,0.8541,0.7387,0.8033,0.2012,0.1212,0.2012,0.1506,0.0132,0.7358,0.5589,0.7378
2,CASP,FairGBM,0.8835,0.7912,0.8026,0.293,0.2009,0.293,0.1204,0.0001,0.7955,0.6517,0.7805
2,CASP,FairConstraints,0.819,0.7138,0.7696,0.0162,0.0423,-0.0162,0.1483,0.072,0.6701,0.5055,0.6682
2,CASP,DecoupledClassifier,0.8794,0.8168,0.7644,0.2734,0.2053,0.2734,0.1224,0.0015,0.7822,0.6523,0.7751
2,CASP,GerryFairClassifier,0.8851,0.5775,0.9283,0.3138,0.198,0.3138,0.1196,0.0048,0.7913,0.6603,0.7842
2,CASP,ThreshOpt_TPR,0.8851,0.6041,0.9143,0.05,0.0226,0.05,0.1196,0.0048,0.7913,0.6603,0.7842
2,CASP,ThreshOpt_EO,0.8851,0.5961,0.8974,0.0624,0.0311,0.0624,0.1196,0.0048,0.7913,0.6603,0.7842
2,CASP,ThreshOpt_DP,0.8851,0.5449,0.9153,0.2249,0.1688,-0.2249,0.1196,0.0048,0.7913,0.6603,0.7842
2,CASP,EqOdds_PP,0.8851,0.6689,0.7944,0.0956,0.0291,0.0956,0.1196,0.0048,0.7913,0.6603,0.7842
2,CASP,RejectOption,0.8851,0.7084,0.8559,0.053,0.0691,0.053,0.1196,0.0048,0.7913,0.6603,0.7842
2,CASP,CTGAN,0.886,0.8032,0.7944,0.2993,0.2143,0.2993,0.1188,0.0066,0.7993,0.6643,0.7865
2,CASP,FairSMOTE,0.8854,0.8122,0.7809,0.2869,0.2105,0.2869,0.1192,0.0041,0.7932,0.6543,0.7846
2,CASP,SampleReweighting,0.8834,0.7806,0.8104,0.3157,0.2238,0.3157,0.12,0.009,0.7955,0.6504,0.7817
2,CASP,GroupCalibration,0.8834,0.8221,0.7719,0.2963,0.2182,0.2963,0.1217,0.0048,0.7929,0.6557,0.7801
2,CASP,JTT,0.8491,0.7271,0.7992,0.2072,0.136,0.2072,0.1503,0.0026,0.7259,0.5301,0.7388
2,CASP,GroupDRO,0.8862,0.8039,0.7953,0.3034,0.2186,0.3034,0.1189,0.0067,0.7996,0.6587,0.7862
2,SRH,BASELINE,0.8949,0.7874,0.832,0.1876,0.1273,0.1876,0.1248,0.0295,0.8184,0.6956,0.8366
2,SRH,Reweighing,0.8943,0.8122,0.8094,0.1069,0.0529,0.1069,0.1252,0.0296,0.8206,0.6895,0.837
2,SRH,DIR,0.8943,0.8007,0.8176,0.1376,0.0795,0.1376,0.1252,0.0305,0.819,0.6917,0.8359
2,SRH,LFR,0.6476,0.5549,0.6592,0.0309,0.0398,-0.0309,0.2284,0.0314,0.3504,0.1926,0.522
2,SRH,CorrelationRemover,0.8955,0.7962,0.8229,0.1582,0.1046,0.1582,0.1244,0.0293,0.8173,0.6904,0.8372
2,SRH,PrejudiceRemover,0.8932,0.8013,0.8152,0.1456,0.0871,0.1456,0.1259,0.0288,0.8167,0.6785,0.8323
2,SRH,ExpGrad_DP,0.865,0.7712,0.7897,0.1429,0.0902,-0.1429,0.1404,0.0263,0.7657,0.6135,0.7969
2,SRH,ExpGrad_EO,0.8818,0.797,0.7995,0.0082,0.009,-0.0082,0.1313,0.0224,0.7962,0.6531,0.8218
2,SRH,ExpGrad_TPR,0.888,0.7858,0.8225,0.0162,0.0061,0.0162,0.128,0.0315,0.8106,0.664,0.8274
2,SRH,GridSearch_TPR,0.8941,0.8029,0.8164,0.1549,0.103,0.1549,0.1252,0.0323,0.8211,0.6785,0.835
2,SRH,GridSearch_EO,0.8243,0.7603,0.736,0.0589,0.0258,0.0589,0.1863,0.0437,0.6883,0.5436,0.7128
2,SRH,AdvDebiasing,0.8595,0.8029,0.7496,0.079,0.0468,0.079,0.1656,0.0349,0.7528,0.6099,0.7822
2,SRH,FairGBM,0.8923,0.7864,0.831,0.1582,0.0933,0.1582,0.1265,0.0274,0.8205,0.6856,0.8287
2,SRH,FairConstraints,0.8719,0.7821,0.8046,0.0835,0.0683,-0.0835,0.1364,0.0199,0.7835,0.6347,0.8072
2,SRH,DecoupledClassifier,0.8918,0.8074,0.8026,0.1455,0.0918,0.1455,0.1262,0.0244,0.8149,0.6816,0.833
2,SRH,GerryFairClassifier,0.8949,0.6947,0.8889,0.1727,0.1048,0.1727,0.1248,0.0295,0.8184,0.6956,0.8366
2,SRH,ThreshOpt_TPR,0.8949,0.6846,0.8936,0.0028,0.0074,-0.0028,0.1248,0.0295,0.8184,0.6956,0.8366
2,SRH,ThreshOpt_EO,0.8949,0.7006,0.8698,0.0227,0.0265,-0.0227,0.1248,0.0295,0.8184,0.6956,0.8366
2,SRH,ThreshOpt_DP,0.8949,0.6897,0.8789,0.2193,0.1583,-0.2193,0.1248,0.0295,0.8184,0.6956,0.8366
2,SRH,EqOdds_PP,0.8949,0.6993,0.8317,0.0493,0.0048,0.0493,0.1248,0.0295,0.8184,0.6956,0.8366
2,SRH,RejectOption,0.8949,0.7968,0.8187,0.0158,0.0772,-0.0158,0.1248,0.0295,0.8184,0.6956,0.8366
2,SRH,CTGAN,0.8952,0.7898,0.8249,0.1887,0.1324,0.1887,0.1247,0.0285,0.8167,0.6914,0.8374
2,SRH,FairSMOTE,0.8953,0.7925,0.8237,0.1785,0.1237,0.1785,0.1247,0.0318,0.8168,0.6923,0.8366
2,SRH,SampleReweighting,0.8949,0.7896,0.831,0.1819,0.1321,0.1819,0.1246,0.0293,0.8235,0.6941,0.8363
2,SRH,GroupCalibration,0.8941,0.7792,0.8404,0.1729,0.1131,0.1729,0.1266,0.0295,0.8194,0.6939,0.8329
2,SRH,JTT,0.8566,0.7643,0.7706,0.1089,0.0702,0.1089,0.162,0.0447,0.7358,0.5824,0.7847
2,SRH,GroupDRO,0.8951,0.8114,0.809,0.1685,0.1128,0.1685,0.1247,0.0318,0.8232,0.6954,0.8368
3,EUROD,BASELINE,0.8323,0.7143,0.7864,0.1701,0.0979,0.1701,0.1342,0.0015,0.7007,0.5035,0.6782
3,EUROD,Reweighing,0.8321,0.7451,0.7584,0.1072,0.0405,0.1072,0.1342,0.0055,0.691,0.5075,0.6791
3,EUROD,DIR,0.8315,0.7073,0.7931,0.1316,0.0754,0.1316,0.1345,0.0059,0.6952,0.502,0.6773
3,EUROD,LFR,0.6532,0.5869,0.6319,0.3731,0.246,0.3731,0.2773,0.0086,0.3708,0.2256,0.4181
3,EUROD,CorrelationRemover,0.8302,0.7558,0.7453,0.1572,0.0957,0.1572,0.1349,0.0068,0.6905,0.4875,0.6739
3,EUROD,PrejudiceRemover,0.8153,0.7205,0.7603,0.062,0.0171,0.062,0.1416,0.0616,0.6651,0.4716,0.6406
3,EUROD,ExpGrad_DP,0.8088,0.7297,0.7387,0.1192,0.0744,-0.1192,0.1423,0.0019,0.6557,0.4502,0.6415
3,EUROD,ExpGrad_EO,0.8197,0.7565,0.7357,0.0317,0.0314,-0.0317,0.1388,0.0024,0.6725,0.4726,0.6564
3,EUROD,ExpGrad_TPR,0.8193,0.7422,0.7483,0.0391,0.0341,-0.0391,0.1389,0.0027,0.6712,0.4717,0.6557
3,EUROD,GridSearch_TPR,0.7627,0.693,0.7006,0.1193,0.0523,-0.1193,0.162,0.0059,0.5565,0.3782,0.5551
3,EUROD,GridSearch_EO,0.7563,0.657,0.7247,0.0757,0.0237,-0.0757,0.1837,0.0009,0.5445,0.3496,0.5626
3,EUROD,AdvDebiasing,0.7821,0.6735,0.745,0.1054,0.0555,0.1054,0.1766,0.005,0.5922,0.3959,0.6016
3,EUROD,FairGBM,0.8295,0.7084,0.7971,0.1487,0.0739,0.1487,0.1348,0.0062,0.6877,0.4931,0.6769
3,EUROD,FairConstraints,0.8229,0.7264,0.7666,0.0264,0.0442,-0.0264,0.1375,0.0052,0.6775,0.4876,0.6621
3,EUROD,DecoupledClassifier,0.8213,0.7161,0.77,0.177,0.1,0.177,0.1384,0.0011,0.6666,0.4936,0.6598
3,EUROD,GerryFairClassifier,0.8323,0.4491,0.9429,0.2008,0.1376,0.2008,0.1342,0.0015,0.7007,0.5035,0.6782
3,EUROD,ThreshOpt_TPR,0.8323,0.4811,0.9298,0.0087,0.0019,-0.0087,0.1342,0.0015,0.7007,0.5035,0.6782
3,EUROD,ThreshOpt_EO,0.8323,0.4227,0.9445,0.0351,0.013,-0.0351,0.1342,0.0015,0.7007,0.5035,0.6782
3,EUROD,ThreshOpt_DP,0.8323,0.4572,0.9344,0.1187,0.0348,-0.1187,0.1342,0.0015,0.7007,0.5035,0.6782
3,EUROD,EqOdds_PP,0.8323,0.6232,0.8034,0.0292,0.0266,0.0292,0.1342,0.0015,0.7007,0.5035,0.6782
3,EUROD,RejectOption,0.8323,0.6647,0.8303,0.0589,0.0033,0.0589,0.1342,0.0015,0.7007,0.5035,0.6782
3,EUROD,CTGAN,0.8324,0.7014,0.7992,0.1692,0.0998,0.1692,0.134,0.0035,0.693,0.5085,0.6801
3,EUROD,FairSMOTE,0.8312,0.7235,0.7782,0.1478,0.0661,0.1478,0.1343,0.0044,0.688,0.5056,0.68
3,EUROD,SampleReweighting,0.832,0.7459,0.7579,0.1724,0.0953,0.1724,0.1343,0.0032,0.6888,0.5086,0.6772
3,EUROD,GroupCalibration,0.8289,0.6992,0.803,0.2072,0.1256,0.2072,0.135,0.0015,0.6977,0.5031,0.6773
3,EUROD,JTT,0.6691,0.4209,0.8175,0.0335,0.0493,-0.0335,0.1767,0.001,0.3632,0.2189,0.486
3,EUROD,GroupDRO,0.8328,0.7279,0.7771,0.1581,0.0883,0.1581,0.1336,0.0011,0.6965,0.5035,0.6811
3,LS,BASELINE,0.8013,0.7735,0.6528,0.2927,0.2105,0.2927,0.1569,0.0268,0.6263,0.4696,0.6528
3,LS,Reweighing,0.799,0.7502,0.6871,0.1964,0.1182,0.1964,0.1576,0.0295,0.6359,0.45,0.6476
3,LS,DIR,0.8016,0.7383,0.7042,0.2511,0.1554,0.2511,0.1569,0.0323,0.6337,0.4595,0.651
3,LS,LFR,0.5046,0.1877,0.8539,0.0202,0.023,0.0202,0.2951,0.0213,0.1704,0.0688,0.3185
3,LS,CorrelationRemover,0.8009,0.7373,0.7053,0.281,0.1961,0.281,0.1573,0.0321,0.6383,0.4665,0.6475
3,LS,PrejudiceRemover,0.7943,0.7134,0.7289,0.2968,0.2076,0.2968,0.16,0.024,0.6268,0.4388,0.6319
3,LS,ExpGrad_DP,0.7493,0.6724,0.6924,0.1441,0.0632,-0.1441,0.1737,0.0508,0.5423,0.3457,0.5719
3,LS,ExpGrad_EO,0.7687,0.6682,0.7275,0.0026,0.0306,0.0026,0.168,0.0468,0.5794,0.3853,0.5977
3,LS,ExpGrad_TPR,0.7715,0.6724,0.7233,0.0161,0.0443,0.0161,0.1671,0.0523,0.5834,0.3916,0.6005
3,LS,GridSearch_TPR,0.7248,0.6511,0.6764,0.0304,0.0558,0.0304,0.1841,0.0505,0.5005,0.3301,0.5266
3,LS,GridSearch_EO,0.7263,0.6856,0.6495,0.1135,0.0953,0.1135,0.1974,0.0393,0.5123,0.3297,0.5368
3,LS,AdvDebiasing,0.747,0.6284,0.7358,0.181,0.0928,0.181,0.2073,0.0285,0.5387,0.3543,0.5665
3,LS,FairGBM,0.7998,0.7086,0.7321,0.2927,0.1961,0.2927,0.1576,0.0228,0.6333,0.4592,0.6487
3,LS,FairConstraints,0.7585,0.7011,0.6841,0.1204,0.111,-0.1204,0.1703,0.0315,0.5521,0.354,0.5896
3,LS,DecoupledClassifier,0.791,0.7076,0.7227,0.3103,0.2099,0.3103,0.1607,0.0207,0.6148,0.4356,0.6373
3,LS,GerryFairClassifier,0.8013,0.4323,0.9157,0.3199,0.1975,0.3199,0.1569,0.0268,0.6263,0.4696,0.6528
3,LS,ThreshOpt_TPR,0.8013,0.4456,0.9058,0.0437,0.0364,0.0437,0.1569,0.0268,0.6263,0.4696,0.6528
3,LS,ThreshOpt_EO,0.8013,0.4249,0.9041,0.0651,0.0606,0.0651,0.1569,0.0268,0.6263,0.4696,0.6528
3,LS,ThreshOpt_DP,0.8013,0.3987,0.9139,0.1184,0.0618,-0.1184,0.1569,0.0268,0.6263,0.4696,0.6528
3,LS,EqOdds_PP,0.8013,0.6691,0.6646,0.0747,0.0041,0.0747,0.1569,0.0268,0.6263,0.4696,0.6528
3,LS,RejectOption,0.8013,0.6271,0.8091,0.0813,0.0341,0.0813,0.1569,0.0268,0.6263,0.4696,0.6528
3,LS,CTGAN,0.8016,0.7312,0.7183,0.3169,0.2249,0.3169,0.1569,0.0285,0.6348,0.4608,0.652
3,LS,FairSMOTE,0.7993,0.7774,0.6543,0.2187,0.1552,0.2187,0.1576,0.0382,0.6329,0.4574,0.6505
3,LS,SampleReweighting,0.8004,0.7279,0.7118,0.3149,0.2332,0.3149,0.1576,0.0315,0.6249,0.4625,0.6466
3,LS,GroupCalibration,0.7996,0.757,0.6765,0.3072,0.2096,0.3072,0.1583,0.0268,0.6201,0.4592,0.6419
3,LS,JTT,0.5714,0.1964,0.9474,0.1018,0.0599,0.1018,0.2015,0.008,0.2453,0.1488,0.4424
3,LS,GroupDRO,0.8014,0.7638,0.6692,0.2929,0.2114,0.2929,0.1569,0.0318,0.6289,0.4694,0.6508
3,CASP,BASELINE,0.8858,0.7763,0.813,0.2777,0.2135,0.2777,0.1182,0.0167,0.792,0.6571,0.7904
3,CASP,Reweighing,0.8837,0.8016,0.7879,0.2003,0.1305,0.2003,0.1192,0.0106,0.7894,0.6494,0.7874
3,CASP,DIR,0.8846,0.8086,0.7855,0.2539,0.1843,0.2539,0.1187,0.0091,0.7914,0.6504,0.7886
3,CASP,LFR,0.6942,0.7139,0.5711,0.1514,0.1069,0.1514,0.2339,0.068,0.4593,0.2811,0.4774
3,CASP,CorrelationRemover,0.8846,0.8152,0.7764,0.2294,0.1787,0.2294,0.1188,0.0061,0.7915,0.6605,0.7871
3,CASP,PrejudiceRemover,0.8797,0.8049,0.7806,0.247,0.1966,0.247,0.1207,0.0029,0.7855,0.6331,0.781
3,CASP,ExpGrad_DP,0.8228,0.6916,0.7952,0.1602,0.0922,-0.1602,0.1444,0.0221,0.678,0.4901,0.695
3,CASP,ExpGrad_EO,0.8594,0.7567,0.7943,0.0192,0.0339,0.0192,0.1305,0.0147,0.7498,0.5757,0.7467
3,CASP,ExpGrad_TPR,0.8583,0.7687,0.7809,0.0183,0.0342,0.0183,0.1309,0.0162,0.746,0.5744,0.7459
3,CASP,GridSearch_TPR,0.8181,0.7537,0.7275,0.0602,0.0731,0.0602,0.1544,0.0203,0.668,0.4963,0.651
3,CASP,GridSearch_EO,0.7946,0.6883,0.7591,0.0181,0.0255,0.0181,0.1754,0.0103,0.6035,0.3948,0.673
3,CASP,AdvDebiasing,0.8473,0.7318,0.7921,0.1274,0.0746,0.1274,0.1552,0.0185,0.7239,0.5463,0.7333
3,CASP,FairGBM,0.886,0.7498,0.8404,0.2791,0.2032,0.2791,0.1184,0.0094,0.7907,0.6562,0.7902
3,CASP,FairConstraints,0.8366,0.7893,0.7253,0.1002,0.0836,-0.1002,0.1395,0.0165,0.713,0.5102,0.7017
3,CASP,DecoupledClassifier,0.8784,0.763,0.8181,0.2814,0.2051,0.2814,0.1222,0.0022,0.785,0.6439,0.7776
3,CASP,GerryFairClassifier,0.8858,0.5793,0.9361,0.2661,0.1715,0.2661,0.1182,0.0167,0.792,0.6571,0.7904
3,CASP,ThreshOpt_TPR,0.8858,0.5892,0.9204,0.0184,0.0056,-0.0184,0.1182,0.0167,0.792,0.6571,0.7904
3,CASP,ThreshOpt_EO,0.8858,0.564,0.9153,0.016,0.0328,0.016,0.1182,0.0167,0.792,0.6571,0.7904
3,CASP,ThreshOpt_DP,0.8858,0.5889,0.8969,0.2613,0.1589,-0.2613,0.1182,0.0167,0.792,0.6571,0.7904
3,CASP,EqOdds_PP,0.8858,0.6284,0.8273,0.0584,0.0027,0.0584,0.1182,0.0167,0.792,0.6571,0.7904
3,CASP,RejectOption,0.8858,0.7115,0.8638,0.0363,0.05,0.0363,0.1182,0.0167,0.792,0.6571,0.7904
3,CASP,CTGAN,0.8838,0.776,0.8094,0.2863,0.2132,0.2863,0.1192,0.0103,0.7888,0.6556,0.7874
3,CASP,FairSMOTE,0.8828,0.7963,0.7974,0.2683,0.2,0.2683,0.1195,0.0087,0.7936,0.6496,0.7863
3,CASP,SampleReweighting,0.8831,0.789,0.7982,0.296,0.2278,0.296,0.1193,0.0062,0.7862,0.6549,0.787
3,CASP,GroupCalibration,0.8841,0.7484,0.8405,0.2837,0.2214,0.2837,0.1198,0.0167,0.792,0.6552,0.7884
3,CASP,JTT,0.8377,0.7846,0.7028,0.1787,0.1474,0.1787,0.1526,0.0058,0.6849,0.5186,0.7253
3,CASP,GroupDRO,0.8844,0.7777,0.8161,0.2736,0.2019,0.2736,0.1187,0.0119,0.7941,0.6469,0.7885
3,SRH,BASELINE,0.8947,0.8119,0.8161,0.1629,0.1185,0.1629,0.125,0.0396,0.8276,0.6973,0.8283
3,SRH,Reweighing,0.8944,0.8385,0.7867,0.0828,0.0541,0.0828,0.1247,0.0393,0.8284,0.6985,0.8288
3,SRH,DIR,0.8943,0.826,0.7975,0.1096,0.0639,0.1096,0.1251,0.0413,0.8255,0.702,0.8288
3,SRH,LFR,0.7118,0.7061,0.601,0.1938,0.1486,0.1938,0.2326,0.017,0.4716,0.3015,0.5788
3,SRH,CorrelationRemover,0.8948,0.7988,0.8296,0.1251,0.0878,0.1251,0.1247,0.0388,0.8287,0.7014,0.8293
3,SRH,PrejudiceRemover,0.8922,0.7946,0.8235,0.1269,0.0873,0.1269,0.1265,0.0377,0.8175,0.6973,0.8238
3,SRH,ExpGrad_DP,0.8624,0.7895,0.78,0.1628,0.0938,-0.1628,0.1419,0.0371,0.767,0.6113,0.7846
3,SRH,ExpGrad_EO,0.8808,0.7844,0.8176,0.0404,0.0154,-0.0404,0.132,0.0397,0.8017,0.6601,0.8091
3,SRH,ExpGrad_TPR,0.8858,0.7871,0.8201,0.0016,0.0054,-0.0016,0.1295,0.043,0.8091,0.6733,0.8155
3,SRH,GridSearch_TPR,0.8615,0.805,0.7657,0.0565,0.0581,-0.0565,0.1485,0.0471,0.7718,0.6218,0.7698
3,SRH,GridSearch_EO,0.8176,0.6869,0.8067,0.0463,0.0065,-0.0463,0.1799,0.0071,0.6607,0.4526,0.7396
3,SRH,AdvDebiasing,0.8561,0.786,0.77,0.0693,0.0264,0.0693,0.1675,0.041,0.7582,0.5964,0.7751
3,SRH,FairGBM,0.8914,0.8209,0.8073,0.1113,0.0691,0.1113,0.1267,0.0302,0.8237,0.6923,0.8205
3,SRH,FairConstraints,0.8679,0.8244,0.7542,0.1036,0.0754,-0.1036,0.1388,0.0291,0.782,0.6254,0.7929
3,SRH,DecoupledClassifier,0.8879,0.8239,0.7871,0.1074,0.0726,0.1074,0.1289,0.0377,0.8143,0.6831,0.8184
3,SRH,GerryFairClassifier,0.8947,0.6946,0.8903,0.1487,0.0931,0.1487,0.125,0.0396,0.8276,0.6973,0.8283
3,SRH,ThreshOpt_TPR,0.8947,0.6986,0.8851,0.0502,0.0242,-0.0502,0.125,0.0396,0.8276,0.6973,0.8283
3,SRH,ThreshOpt_EO,0.8947,0.7479,0.8437,0.047,0.0246,-0.047,0.125,0.0396,0.8276,0.6973,0.8283
3,SRH,ThreshOpt_DP,0.8947,0.6938,0.8688,0.2366,0.1429,-0.2366,0.125,0.0396,0.8276,0.6973,0.8283
3,SRH,EqOdds_PP,0.8947,0.7088,0.822,0.0002,0.0346,0.0002,0.125,0.0396,0.8276,0.6973,0.8283
3,SRH,RejectOption,0.8947,0.806,0.8099,0.0096,0.0569,-0.0096,0.125,0.0396,0.8276,0.6973,0.8283
3,SRH,CTGAN,0.8934,0.8106,0.8175,0.1445,0.1059,0.1445,0.1258,0.0438,0.8255,0.6997,0.8257
3,SRH,FairSMOTE,0.8935,0.8364,0.7861,0.1404,0.1026,0.1404,0.1257,0.0432,0.8214,0.7011,0.8265
3,SRH,SampleReweighting,0.8925,0.8375,0.7938,0.1432,0.1083,0.1432,0.1263,0.0447,0.8255,0.6991,0.8244
3,SRH,GroupCalibration,0.8945,0.8209,0.81,0.1486,0.1113,0.1486,0.1261,0.0396,0.8267,0.6978,0.8271
3,SRH,JTT,0.8525,0.8031,0.7181,0.1151,0.0994,0.1151,0.1652,0.0512,0.7219,0.5897,0.7757
3,SRH,GroupDRO,0.8938,0.8447,0.7846,0.1541,0.1122,0.1541,0.1254,0.0404,0.8249,0.6996,0.8277
4,EUROD,BASELINE,0.8272,0.7459,0.7418,0.1928,0.1444,0.1928,0.1378,0.0028,0.6797,0.5224,0.6633
4,EUROD,Reweighing,0.828,0.7073,0.7847,0.1672,0.1105,0.1672,0.1377,0.0126,0.6809,0.5259,0.6641
4,EUROD,DIR,0.8273,0.7532,0.7348,0.1817,0.1329,0.1817,0.1378,0.0122,0.6825,0.5211,0.6636
4,EUROD,LFR,0.5141,0.2685,0.7681,0.1956,0.1105,0.1956,0.3287,0.0157,0.1901,0.0901,0.2857
4,EUROD,CorrelationRemover,0.8261,0.7099,0.7761,0.2192,0.1468,0.2192,0.1382,0.011,0.6835,0.517,0.6626
4,EUROD,PrejudiceRemover,0.8162,0.7337,0.7443,0.0832,0.0531,0.0832,0.1433,0.0597,0.6674,0.4989,0.6379
4,EUROD,ExpGrad_DP,0.8083,0.6978,0.7692,0.1109,0.0645,-0.1109,0.1429,0.0019,0.6443,0.4611,0.6431
4,EUROD,ExpGrad_EO,0.8178,0.69,0.787,0.0327,0.0177,-0.0327,0.1402,0.0027,0.6527,0.4906,0.6549
4,EUROD,ExpGrad_TPR,0.8183,0.747,0.7331,0.0362,0.0177,-0.0362,0.14,0.002,0.6577,0.4893,0.655
4,EUROD,GridSearch_TPR,0.8269,0.7451,0.7479,0.151,0.1052,0.151,0.1381,0.0096,0.6859,0.518,0.6639
4,EUROD,GridSearch_EO,0.7547,0.6878,0.6864,0.0704,0.1097,-0.0704,0.1816,0.0667,0.5434,0.3576,0.5444
4,EUROD,AdvDebiasing,0.7748,0.6592,0.7529,0.1087,0.0497,0.1087,0.1778,0.0212,0.5814,0.3769,0.5974
4,EUROD,FairGBM,0.8274,0.7271,0.7654,0.1938,0.1422,0.1938,0.1379,0.0118,0.6794,0.5195,0.6611
4,EUROD,FairConstraints,0.8179,0.7249,0.7554,0.032,0.0393,-0.032,0.1409,0.0187,0.6587,0.5065,0.6497
4,EUROD,DecoupledClassifier,0.8146,0.6687,0.7932,0.2266,0.1532,0.2266,0.1427,0.0178,0.6663,0.4972,0.6455
4,EUROD,GerryFairClassifier,0.8272,0.4142,0.9411,0.212,0.1388,0.212,0.1378,0.0028,0.6797,0.5224,0.6633
4,EUROD,ThreshOpt_TPR,0.8272,0.491,0.913,0.0968,0.1168,0.0968,0.1378,0.0028,0.6797,0.5224,0.6633
4,EUROD,ThreshOpt_EO,0.8272,0.4969,0.9036,0.0659,0.0831,0.0659,0.1378,0.0028,0.6797,0.5224,0.6633
4,EUROD,ThreshOpt_DP,0.8272,0.4693,0.9175,0.0313,0.0037,-0.0313,0.1378,0.0028,0.6797,0.5224,0.6633
4,EUROD,EqOdds_PP,0.8272,0.7205,0.7292,0.1215,0.0729,0.1215,0.1378,0.0028,0.6797,0.5224,0.6633
4,EUROD,RejectOption,0.8272,0.6419,0.8351,0.0942,0.0339,0.0942,0.1378,0.0028,0.6797,0.5224,0.6633
4,EUROD,CTGAN,0.8267,0.7393,0.7557,0.2069,0.1517,0.2069,0.138,0.0074,0.6819,0.5255,0.6629
4,EUROD,FairSMOTE,0.8268,0.7326,0.7567,0.1862,0.131,0.1862,0.1377,0.0106,0.6817,0.5174,0.6642
4,EUROD,SampleReweighting,0.8246,0.7147,0.7696,0.232,0.1628,0.232,0.1385,0.0152,0.6699,0.5213,0.6603
4,EUROD,GroupCalibration,0.8241,0.7382,0.7516,0.2251,0.176,0.2251,0.1396,0.0028,0.6756,0.5163,0.6599
4,EUROD,JTT,0.6597,0.4293,0.8189,0.0598,0.0166,0.0598,0.1737,0.0244,0.3368,0.1867,0.5063
4,EUROD,GroupDRO,0.8273,0.6992,0.7919,0.2237,0.1569,0.2237,0.1377,0.0069,0.6817,0.5222,0.6647
4,LS,BASELINE,0.8054,0.7754,0.6762,0.28,0.2006,0.28,0.1555,0.0474,0.6457,0.4728,0.6525
4,LS,Reweighing,0.8052,0.7764,0.676,0.1546,0.0818,0.1546,0.1553,0.0467,0.6456,0.4707,0.6548
4,LS,DIR,0.8056,0.726,0.7351,0.2783,0.1788,0.2783,0.1552,0.0423,0.6507,0.4596,0.655
4,LS,LFR,0.5793,0.474,0.6481,0.2854,0.2358,0.2854,0.2108,0.0124,0.2777,0.1385,0.3707
4,LS,CorrelationRemover,0.8051,0.704,0.7478,0.2905,0.1915,0.2905,0.1554,0.0453,0.6449,0.4682,0.6552
4,LS,PrejudiceRemover,0.7979,0.7234,0.7198,0.2889,0.1894,0.2889,0.1579,0.0365,0.6322,0.4439,0.6455
4,LS,ExpGrad_DP,0.7578,0.7057,0.6831,0.1507,0.1148,-0.1507,0.1709,0.0519,0.5586,0.3474,0.5913
4,LS,ExpGrad_EO,0.7778,0.6456,0.7749,0.0327,0.0263,-0.0327,0.1647,0.0464,0.5958,0.3894,0.616
4,LS,ExpGrad_TPR,0.7795,0.6704,0.7565,0.0203,0.0165,-0.0203,0.1643,0.0503,0.5953,0.4043,0.6168
4,LS,GridSearch_TPR,0.7397,0.736,0.6128,0.0813,0.0704,0.0813,0.1807,0.0406,0.5315,0.3443,0.547
4,LS,GridSearch_EO,0.7198,0.5855,0.7394,0.1123,0.0922,0.1123,0.202,0.0289,0.4723,0.3119,0.5364
4,LS,AdvDebiasing,0.7498,0.6979,0.6637,0.1281,0.0617,0.1281,0.2024,0.0247,0.5358,0.356,0.5797
4,LS,FairGBM,0.8059,0.7764,0.6775,0.2048,0.1227,0.2048,0.1554,0.0472,0.647,0.4681,0.6513
4,LS,FairConstraints,0.7506,0.6679,0.696,0.0315,0.0632,-0.0315,0.1732,0.0245,0.5466,0.3381,0.5799
4,LS,DecoupledClassifier,0.7939,0.7648,0.66,0.2425,0.1528,0.2425,0.1599,0.0436,0.6147,0.4446,0.6367
4,LS,GerryFairClassifier,0.8054,0.4258,0.921,0.3059,0.1691,0.3059,0.1555,0.0474,0.6457,0.4728,0.6525
4,LS,ThreshOpt_TPR,0.8054,0.4281,0.9142,0.0207,0.0162,0.0207,0.1555,0.0474,0.6457,0.4728,0.6525
4,LS,ThreshOpt_EO,0.8054,0.3919,0.9165,0.033,0.0206,0.033,0.1555,0.0474,0.6457,0.4728,0.6525
4,LS,ThreshOpt_DP,0.8054,0.39,0.9199,0.1548,0.1071,-0.1548,0.1555,0.0474,0.6457,0.4728,0.6525
4,LS,EqOdds_PP,0.8054,0.6727,0.6895,0.0581,0.0112,0.0581,0.1555,0.0474,0.6457,0.4728,0.6525
4,LS,RejectOption,0.8054,0.6304,0.8096,0.024,0.0984,0.024,0.1555,0.0474,0.6457,0.4728,0.6525
4,LS,CTGAN,0.8064,0.6989,0.7573,0.3198,0.2128,0.3198,0.1549,0.0486,0.6496,0.4601,0.6558
4,LS,FairSMOTE,0.8048,0.7477,0.7104,0.2323,0.1466,0.2323,0.1556,0.0431,0.6398,0.4609,0.6532
4,LS,SampleReweighting,0.8035,0.717,0.7409,0.2985,0.201,0.2985,0.1558,0.0424,0.64,0.4598,0.6519
4,LS,GroupCalibration,0.8027,0.6859,0.7677,0.3506,0.2469,0.3506,0.1569,0.0474,0.6384,0.4595,0.6498
4,LS,JTT,0.5915,0.3102,0.8429,0.0015,0.0278,0.0015,0.2006,0.0252,0.2678,0.1588,0.4533
4,LS,GroupDRO,0.8062,0.6859,0.7709,0.3,0.1896,0.3,0.1552,0.0488,0.6463,0.4672,0.6539
4,CASP,BASELINE,0.8796,0.7763,0.8143,0.3006,0.2206,0.3006,0.1217,0.0137,0.7947,0.6185,0.7739
4,CASP,Reweighing,0.8785,0.8089,0.7789,0.188,0.1295,0.188,0.1227,0.0132,0.7911,0.635,0.7714
4,CASP,DIR,0.8794,0.7936,0.7945,0.2562,0.1871,0.2562,0.1221,0.0156,0.7877,0.6402,0.7738
4,CASP,LFR,0.5992,0.6933,0.4374,0.0141,0.0011,0.0141,0.2277,0.0169,0.3208,0.1775,0.3776
4,CASP,CorrelationRemover,0.8802,0.767,0.8228,0.2564,0.1975,0.2564,0.1221,0.0188,0.7924,0.6395,0.7739
4,CASP,PrejudiceRemover,0.8743,0.762,0.8173,0.25,0.1793,0.25,0.1244,0.0091,0.7787,0.6299,0.7656
4,CASP,ExpGrad_DP,0.823,0.7351,0.7553,0.2028,0.1263,-0.2028,0.1462,0.0366,0.6736,0.4984,0.6873
4,CASP,ExpGrad_EO,0.8611,0.7614,0.7885,0.0094,0.0036,-0.0094,0.1304,0.0294,0.7509,0.5978,0.7471
4,CASP,ExpGrad_TPR,0.8619,0.7777,0.7779,0.0053,0.0127,0.0053,0.1302,0.0323,0.7543,0.5962,0.7475
4,CASP,GridSearch_TPR,0.8233,0.7448,0.7461,0.04,0.0566,0.04,0.152,0.0416,0.6804,0.532,0.6636
4,CASP,GridSearch_EO,0.8006,0.6869,0.7572,0.1451,0.1064,0.1451,0.1835,0.0217,0.6254,0.4619,0.651
4,CASP,AdvDebiasing,0.8375,0.7205,0.7941,0.044,0.0008,0.044,0.1614,0.0216,0.7002,0.5198,0.7131
4,CASP,FairGBM,0.8795,0.8285,0.7699,0.2155,0.1518,0.2155,0.1222,0.0128,0.7956,0.6435,0.7712
4,CASP,FairConstraints,0.8176,0.7541,0.7247,0.0859,0.0735,-0.0859,0.149,0.0385,0.6612,0.5002,0.6668
4,CASP,DecoupledClassifier,0.8741,0.7969,0.7872,0.267,0.194,0.267,0.1244,0.0073,0.7824,0.6214,0.7653
4,CASP,GerryFairClassifier,0.8796,0.544,0.9397,0.2352,0.1532,0.2352,0.1217,0.0137,0.7947,0.6185,0.7739
4,CASP,ThreshOpt_TPR,0.8796,0.5859,0.9157,0.0375,0.0023,-0.0375,0.1217,0.0137,0.7947,0.6185,0.7739
4,CASP,ThreshOpt_EO,0.8796,0.5749,0.9196,0.0441,0.0054,-0.0441,0.1217,0.0137,0.7947,0.6185,0.7739
4,CASP,ThreshOpt_DP,0.8796,0.5507,0.9119,0.2423,0.1424,-0.2423,0.1217,0.0137,0.7947,0.6185,0.7739
4,CASP,EqOdds_PP,0.8796,0.6314,0.8259,0.0869,0.0058,0.0869,0.1217,0.0137,0.7947,0.6185,0.7739
4,CASP,RejectOption,0.8796,0.6896,0.866,0.0335,0.0593,0.0335,0.1217,0.0137,0.7947,0.6185,0.7739
4,CASP,CTGAN,0.8797,0.8252,0.7676,0.2601,0.1949,0.2601,0.1222,0.021,0.7924,0.6338,0.7721
4,CASP,FairSMOTE,0.8789,0.8159,0.7774,0.223,0.1656,0.223,0.1223,0.0245,0.7915,0.6339,0.7716
4,CASP,SampleReweighting,0.8758,0.8166,0.7596,0.2549,0.1882,0.2549,0.1236,0.0223,0.7785,0.6338,0.7671
4,CASP,GroupCalibration,0.8783,0.7906,0.8005,0.2986,0.2306,0.2986,0.1231,0.0137,0.7929,0.6289,0.774
4,CASP,JTT,0.8304,0.781,0.7002,0.135,0.104,0.135,0.1545,0.0154,0.6739,0.5232,0.7053
4,CASP,GroupDRO,0.8794,0.7943,0.8001,0.2867,0.216,0.2867,0.1217,0.0139,0.7909,0.6288,0.7748
4,SRH,BASELINE,0.8832,0.7796,0.8213,0.2045,0.1471,0.2045,0.1312,0.0158,0.8038,0.6545,0.8193
4,SRH,Reweighing,0.8833,0.7783,0.8208,0.1402,0.0871,0.1402,0.1309,0.0152,0.7988,0.6527,0.819
4,SRH,DIR,0.8833,0.7804,0.8216,0.1703,0.1069,0.1703,0.131,0.0141,0.7991,0.6471,0.8195
4,SRH,LFR,0.5299,0.2867,0.7647,0.0989,0.0083,0.0989,0.2341,0.0058,0.2151,0.0997,0.405
4,SRH,CorrelationRemover,0.8847,0.8175,0.7888,0.1288,0.0875,0.1288,0.1303,0.0191,0.8061,0.6588,0.8199
4,SRH,PrejudiceRemover,0.8817,0.81,0.7909,0.1412,0.0896,0.1412,0.1321,0.0208,0.8034,0.6614,0.8178
4,SRH,ExpGrad_DP,0.8555,0.7751,0.7783,0.1383,0.1048,-0.1383,0.1453,0.0249,0.7471,0.58,0.7827
4,SRH,ExpGrad_EO,0.8725,0.7565,0.8201,0.0067,0.0098,-0.0067,0.1364,0.0248,0.782,0.6263,0.8073
4,SRH,ExpGrad_TPR,0.8766,0.7863,0.8044,0.0321,0.0251,0.0321,0.1343,0.0268,0.7917,0.6384,0.8124
4,SRH,GridSearch_TPR,0.8531,0.8223,0.722,0.0018,0.0237,-0.0018,0.1509,0.0273,0.7536,0.5875,0.7713
4,SRH,GridSearch_EO,0.8098,0.7882,0.6817,0.038,0.0532,0.038,0.1904,0.0091,0.6688,0.4785,0.7113
4,SRH,AdvDebiasing,0.8548,0.7796,0.7748,0.0848,0.0454,0.0848,0.1711,0.0238,0.751,0.5846,0.7786
4,SRH,FairGBM,0.8822,0.8012,0.8012,0.1685,0.1053,0.1685,0.1318,0.0114,0.8028,0.6553,0.8154
4,SRH,FairConstraints,0.8526,0.8036,0.7372,0.0457,0.0455,-0.0457,0.1465,0.0119,0.7399,0.5768,0.7781
4,SRH,DecoupledClassifier,0.8783,0.8018,0.8025,0.1369,0.0821,0.1369,0.1339,0.0213,0.8064,0.6491,0.8077
4,SRH,GerryFairClassifier,0.8832,0.6885,0.8795,0.2,0.1272,0.2,0.1312,0.0158,0.8038,0.6545,0.8193
4,SRH,ThreshOpt_TPR,0.8832,0.7234,0.8566,0.0478,0.0403,0.0478,0.1312,0.0158,0.8038,0.6545,0.8193
4,SRH,ThreshOpt_EO,0.8832,0.7285,0.831,0.0394,0.0376,0.0394,0.1312,0.0158,0.8038,0.6545,0.8193
4,SRH,ThreshOpt_DP,0.8832,0.6768,0.8739,0.1946,0.1244,-0.1946,0.1312,0.0158,0.8038,0.6545,0.8193
4,SRH,EqOdds_PP,0.8832,0.7112,0.8207,0.0748,0.0217,0.0748,0.1312,0.0158,0.8038,0.6545,0.8193
4,SRH,RejectOption,0.8832,0.7911,0.8017,0.0155,0.0472,0.0155,0.1312,0.0158,0.8038,0.6545,0.8193
4,SRH,CTGAN,0.883,0.7906,0.8135,0.1951,0.1382,0.1951,0.1312,0.0151,0.802,0.6568,0.818
4,SRH,FairSMOTE,0.8835,0.793,0.8091,0.1824,0.1345,0.1824,0.1312,0.0175,0.7991,0.6601,0.8194
4,SRH,SampleReweighting,0.8822,0.8108,0.792,0.1644,0.1165,0.1644,0.1316,0.0182,0.8035,0.6523,0.8176
4,SRH,GroupCalibration,0.8817,0.7748,0.826,0.2034,0.1415,0.2034,0.1327,0.0158,0.8038,0.6518,0.8156
4,SRH,JTT,0.8504,0.8281,0.6897,0.0921,0.0653,0.0921,0.1646,0.0377,0.7234,0.5809,0.7739
4,SRH,GroupDRO,0.883,0.7418,0.8445,0.2173,0.1548,0.2173,0.1314,0.0166,0.8014,0.6544,0.8187
